Turn,System llh,MLM llh,USR DLcontext,USR DLfact,Overall Human Rating,Interesting,Engaging,Specific,Relevant,Correct,Semantically Appropriate,Understandable,Fluent,Total nodes,Total edges,Average degree,Average degree centrality,Average closeness,Average degree connectivity,Average assortativity,Average node connectivity,Number of components,Number of strong components,Centrality entropy,Closeness entropy,Sparseness,Total explicit triples,Total classes,Total properties,Total instances,Total object properties,Total data properties,Total subclass properties,Total entities,Property class ratio,Average population,Class property ratio,Attribute richness,Inheritance richness,Relationship richness,Object properties ratio,Datatype properties ratio,Total concept assertions,Total role assertions,Total general concept inclusions,Total axioms,Total aBox axioms,Total tBox axioms,Total world instances,Total semantic statements,Total perspectives,Total mentions,Total interactions,Total utterances,Total sources
0.0,0.2900934134070286,0.5625751188941052,0.6161373,0.8010525,5.0,5.0,5.0,5.0,5.0,5.0,5.0,5.0,5.0,2870.0,7906.0,5.509407665505226,0.0019203233410614242,0.0017210902516714033,0.8596768057594533,-0.11746526166007991,0.0,3.0,-0.11746526166007991,10.048989987248376,2.727609284582613,0.000958613070451262,7906.0,294.0,267.0,1306.0,229.0,38.0,612.0,1600.0,0.9081632653061225,4.442176870748299,1.101123595505618,0.14232209737827714,2.292134831460674,0.3037542662116041,0.8576779026217228,0.14232209737827714,1306.0,456.0,644.0,2769.0,1762.0,1007.0,0.0,0.0,0.0,0.0,0.0,0.0,0.0
1.0,0.0,0.10015543550084303,0.9101389599999999,0.77443105,,,,,,,,,,2870.0,7906.0,5.509407665505226,0.0019203233410614242,0.0017210902516714033,0.8596768057594533,-0.11746526166007991,0.0,3.0,-0.11746526166007991,10.048989987248376,2.727609284582613,0.000958613070451262,7906.0,294.0,267.0,1306.0,229.0,38.0,612.0,1600.0,0.9081632653061225,4.442176870748299,1.101123595505618,0.14232209737827714,2.292134831460674,0.3037542662116041,0.8576779026217228,0.14232209737827714,1306.0,456.0,644.0,2769.0,1762.0,1007.0,0.0,0.0,0.0,0.0,,0.0,0.0
2.0,0.31240096839094056,0.6943191736978855,0.9977215999999999,0.71974164,5.0,5.0,5.0,5.0,5.0,5.0,5.0,5.0,5.0,2870.0,7906.0,5.509407665505226,0.0019203233410614242,0.0017210902516714033,0.8596768057594533,-0.11746526166007991,0.0,3.0,-0.11746526166007991,10.048989987248376,2.727609284582613,0.000958613070451262,7906.0,294.0,267.0,1306.0,229.0,38.0,612.0,1600.0,0.9081632653061225,4.442176870748299,1.101123595505618,0.14232209737827714,2.292134831460674,0.3037542662116041,0.8576779026217228,0.14232209737827714,1306.0,456.0,644.0,2769.0,1762.0,1007.0,0.0,0.0,0.0,0.0,,0.0,0.0
3.0,0.0,0.08255455642979537,0.9838492,0.73561174,,,,,,,,,,2929.0,8021.0,5.476954592010925,0.0018705446010966274,0.0016962879805778137,0.8700331834873309,-0.11521514267001974,0.0,3.0,-0.11521514267001974,10.087153396139907,2.735172100466897,0.0009337873545539647,8021.0,294.0,267.0,1352.0,229.0,38.0,612.0,1646.0,0.9081632653061225,4.598639455782313,1.101123595505618,0.14232209737827714,2.292134831460674,0.3037542662116041,0.8576779026217228,0.14232209737827714,1352.0,481.0,644.0,2840.0,1833.0,1007.0,5.0,3.0,1.0,1.0,0.0,1.0,2.0
4.0,0.5471601830931803,0.7361755122913688,0.9693412,0.7391765,4.666666666666667,3.3333333333333335,4.0,4.0,4.333333333333333,4.666666666666667,4.666666666666667,5.0,5.0,2929.0,8021.0,5.476954592010925,0.0018705446010966274,0.0016962879805778137,0.8700331834873309,-0.11521514267001974,0.0,3.0,-0.11521514267001974,10.087153396139907,2.735172100466897,0.0009337873545539647,8021.0,294.0,267.0,1352.0,229.0,38.0,612.0,1646.0,0.9081632653061225,4.598639455782313,1.101123595505618,0.14232209737827714,2.292134831460674,0.3037542662116041,0.8576779026217228,0.14232209737827714,1352.0,481.0,644.0,2840.0,1833.0,1007.0,5.0,3.0,1.0,1.0,,1.0,2.0
5.0,0.19321300089786428,0.23858395219616393,0.49399754,0.75557405,,,,,,,,,,2948.0,8069.0,5.474219810040705,0.0018575567730032931,0.0016971628270833605,0.8750722214111624,-0.11548062814796613,0.0,3.0,-0.11548062814796613,10.101189473627219,2.7369098596445443,0.0009273126780062927,8069.0,294.0,267.0,1366.0,229.0,38.0,612.0,1660.0,0.9081632653061225,4.64625850340136,1.101123595505618,0.14232209737827714,2.292134831460674,0.3037542662116041,0.8576779026217228,0.14232209737827714,1366.0,501.0,644.0,2874.0,1867.0,1007.0,6.0,4.0,2.0,2.0,0.0,2.0,2.0
6.0,0.31839994459183446,0.6468903413014142,0.9022381300000001,0.9182498999999998,1.6666666666666667,1.6666666666666667,2.6666666666666665,2.3333333333333335,3.3333333333333335,1.3333333333333333,1.6666666666666667,2.0,2.3333333333333335,2948.0,8069.0,5.474219810040705,0.0018575567730032931,0.0016971628270833605,0.8750722214111624,-0.11548062814796613,0.0,3.0,-0.11548062814796613,10.101189473627219,2.7369098596445443,0.0009273126780062927,8069.0,294.0,267.0,1366.0,229.0,38.0,612.0,1660.0,0.9081632653061225,4.64625850340136,1.101123595505618,0.14232209737827714,2.292134831460674,0.3037542662116041,0.8576779026217228,0.14232209737827714,1366.0,501.0,644.0,2874.0,1867.0,1007.0,6.0,4.0,2.0,2.0,,2.0,2.0
7.0,0.0,0.39940429230177016,0.9741675,0.70536214,,,,,,,,,,2966.0,8111.0,5.46931894807822,0.0018446269639386913,0.001698486537609866,0.8795952715397078,-0.11628683877150892,0.0,3.0,-0.11628683877150892,10.113117954003506,2.7387145945813725,0.0009208657888981394,8111.0,294.0,267.0,1377.0,229.0,38.0,612.0,1671.0,0.9081632653061225,4.683673469387755,1.101123595505618,0.14232209737827714,2.292134831460674,0.3037542662116041,0.8576779026217228,0.14232209737827714,1377.0,521.0,644.0,2905.0,1898.0,1007.0,8.0,5.0,3.0,3.0,0.0,3.0,2.0
8.0,0.4339178264047027,0.6876873095943427,0.99794054,0.6647635,1.6666666666666667,1.6666666666666667,2.0,2.3333333333333335,3.3333333333333335,1.6666666666666667,2.3333333333333335,1.6666666666666667,1.3333333333333333,2966.0,8111.0,5.46931894807822,0.0018446269639386913,0.001698486537609866,0.8795952715397078,-0.11628683877150892,0.0,3.0,-0.11628683877150892,10.113117954003506,2.7387145945813725,0.0009208657888981394,8111.0,294.0,267.0,1377.0,229.0,38.0,612.0,1671.0,0.9081632653061225,4.683673469387755,1.101123595505618,0.14232209737827714,2.292134831460674,0.3037542662116041,0.8576779026217228,0.14232209737827714,1377.0,521.0,644.0,2905.0,1898.0,1007.0,8.0,5.0,3.0,3.0,,3.0,2.0
9.0,0.0,0.19391548728902563,0.9982323599999999,0.98880607,,,,,,,,,,2985.0,8157.0,5.465326633165829,0.0018315437778705862,0.0016997466377047486,0.8838489444543711,-0.11721178900870008,0.0,3.0,-0.11721178900870008,10.125643238814156,2.7404098371926326,0.0009143427915681142,8157.0,294.0,267.0,1390.0,229.0,38.0,612.0,1684.0,0.9081632653061225,4.727891156462585,1.101123595505618,0.14232209737827714,2.292134831460674,0.3037542662116041,0.8576779026217228,0.14232209737827714,1390.0,540.0,644.0,2937.0,1930.0,1007.0,9.0,6.0,4.0,4.0,0.0,4.0,2.0
10.0,0.28179110588881073,0.5241628348942454,0.9981057999999999,0.9950085999999999,2.6666666666666665,2.0,3.0,3.0,2.6666666666666665,2.0,1.6666666666666667,3.6666666666666665,1.6666666666666667,2985.0,8157.0,5.465326633165829,0.0018315437778705862,0.0016997466377047486,0.8838489444543711,-0.11721178900870008,0.0,3.0,-0.11721178900870008,10.125643238814156,2.7404098371926326,0.0009143427915681142,8157.0,294.0,267.0,1390.0,229.0,38.0,612.0,1684.0,0.9081632653061225,4.727891156462585,1.101123595505618,0.14232209737827714,2.292134831460674,0.3037542662116041,0.8576779026217228,0.14232209737827714,1390.0,540.0,644.0,2937.0,1930.0,1007.0,9.0,6.0,4.0,4.0,,4.0,2.0
11.0,0.5621985462164731,0.6534298285947314,0.9983206399999999,0.9969726,,,,,,,,,,2999.0,8196.0,5.465821940646882,0.0018231560842718085,0.0017082642093847063,0.8885813167847839,-0.11872118374794227,0.0,3.0,-0.11872118374794227,10.135400333460758,2.7417073374153063,0.0009101622292459163,8196.0,294.0,267.0,1400.0,229.0,38.0,612.0,1694.0,0.9081632653061225,4.761904761904762,1.101123595505618,0.14232209737827714,2.292134831460674,0.3037542662116041,0.8576779026217228,0.14232209737827714,1400.0,560.0,644.0,2967.0,1960.0,1007.0,10.0,7.0,5.0,5.0,0.0,5.0,2.0
12.0,0.44557795630738894,0.6334620598096568,0.99818295,0.99711967,2.6666666666666665,1.6666666666666667,3.0,2.3333333333333335,2.0,2.3333333333333335,1.3333333333333333,3.3333333333333335,1.6666666666666667,2999.0,8196.0,5.465821940646882,0.0018231560842718085,0.0017082642093847063,0.8885813167847839,-0.11872118374794227,0.0,3.0,-0.11872118374794227,10.135400333460758,2.7417073374153063,0.0009101622292459163,8196.0,294.0,267.0,1400.0,229.0,38.0,612.0,1694.0,0.9081632653061225,4.761904761904762,1.101123595505618,0.14232209737827714,2.292134831460674,0.3037542662116041,0.8576779026217228,0.14232209737827714,1400.0,560.0,644.0,2967.0,1960.0,1007.0,10.0,7.0,5.0,5.0,,5.0,2.0
13.0,0.5818029679119335,0.7466798946087135,0.9977928400000001,0.9972547,,,,,,,,,,3014.0,8235.0,5.46449900464499,0.0018136405591254532,0.001718117836742773,0.8930304781357197,-0.12041921373307908,0.0,3.0,-0.12041921373307908,10.144978098147782,2.7431327448339733,0.0009054185973089968,8235.0,294.0,267.0,1410.0,229.0,38.0,612.0,1704.0,0.9081632653061225,4.795918367346939,1.101123595505618,0.14232209737827714,2.292134831460674,0.3037542662116041,0.8576779026217228,0.14232209737827714,1410.0,579.0,644.0,2996.0,1989.0,1007.0,11.0,8.0,6.0,6.0,0.0,6.0,2.0
14.0,0.23374446589301048,0.519257726404621,0.9963226,0.9971608,2.6666666666666665,1.6666666666666667,3.0,2.3333333333333335,2.3333333333333335,2.0,1.3333333333333333,3.3333333333333335,1.6666666666666667,3014.0,8235.0,5.46449900464499,0.0018136405591254532,0.001718117836742773,0.8930304781357197,-0.12041921373307908,0.0,3.0,-0.12041921373307908,10.144978098147782,2.7431327448339733,0.0009054185973089968,8235.0,294.0,267.0,1410.0,229.0,38.0,612.0,1704.0,0.9081632653061225,4.795918367346939,1.101123595505618,0.14232209737827714,2.292134831460674,0.3037542662116041,0.8576779026217228,0.14232209737827714,1410.0,579.0,644.0,2996.0,1989.0,1007.0,11.0,8.0,6.0,6.0,,6.0,2.0
15.0,0.2915526946898714,0.689453601812386,0.9967887000000001,0.9970577400000001,,,,,,,,,,3028.0,8274.0,5.464993394980185,0.0018054157234820563,0.0017318726287080862,0.897823105437768,-0.12224565687426371,0.0,3.0,-0.12224565687426371,10.154168881700748,2.7443686676358996,0.0009013190844063946,8274.0,294.0,267.0,1420.0,229.0,38.0,612.0,1714.0,0.9081632653061225,4.829931972789115,1.101123595505618,0.14232209737827714,2.292134831460674,0.3037542662116041,0.8576779026217228,0.14232209737827714,1420.0,599.0,644.0,3026.0,2019.0,1007.0,12.0,9.0,7.0,7.0,0.0,7.0,2.0
16.0,0.5233535841035789,0.6299969404978613,0.994314,0.99669886,3.0,1.3333333333333333,2.0,1.3333333333333333,2.6666666666666665,3.0,3.3333333333333335,5.0,5.0,3028.0,8274.0,5.464993394980185,0.0018054157234820563,0.0017318726287080862,0.897823105437768,-0.12224565687426371,0.0,3.0,-0.12224565687426371,10.154168881700748,2.7443686676358996,0.0009013190844063946,8274.0,294.0,267.0,1420.0,229.0,38.0,612.0,1714.0,0.9081632653061225,4.829931972789115,1.101123595505618,0.14232209737827714,2.292134831460674,0.3037542662116041,0.8576779026217228,0.14232209737827714,1420.0,599.0,644.0,3026.0,2019.0,1007.0,12.0,9.0,7.0,7.0,,7.0,2.0
17.0,0.7478698988918514,0.8749201595927745,0.9976563500000001,0.97579944,,,,,,,,,,3028.0,8274.0,5.464993394980185,0.0018054157234820563,0.0017318726287080862,0.897823105437768,-0.12224565687426371,0.0,3.0,-0.12224565687426371,10.154168881700748,2.7443686676358996,0.0009013190844063946,8274.0,294.0,267.0,1420.0,229.0,38.0,612.0,1714.0,0.9081632653061225,4.829931972789115,1.101123595505618,0.14232209737827714,2.292134831460674,0.3037542662116041,0.8576779026217228,0.14232209737827714,1420.0,599.0,644.0,3026.0,2019.0,1007.0,12.0,9.0,7.0,7.0,,7.0,2.0
18.0,0.2943538798725314,0.556196261708014,0.9932604466666666,0.9954896333333334,1.6666666666666667,1.6666666666666667,1.3333333333333333,2.0,2.0,1.6666666666666667,1.3333333333333333,2.3333333333333335,1.6666666666666667,3028.0,8274.0,5.464993394980185,0.0018054157234820563,0.0017318726287080862,0.897823105437768,-0.12224565687426371,0.0,3.0,-0.12224565687426371,10.154168881700748,2.7443686676358996,0.0009013190844063946,8274.0,294.0,267.0,1420.0,229.0,38.0,612.0,1714.0,0.9081632653061225,4.829931972789115,1.101123595505618,0.14232209737827714,2.292134831460674,0.3037542662116041,0.8576779026217228,0.14232209737827714,1420.0,599.0,644.0,3026.0,2019.0,1007.0,12.0,9.0,7.0,7.0,,7.0,2.0
19.0,0.12203305295058116,0.3044847779556665,0.9979583499999999,0.6983416466666666,,,,,,,,,,3042.0,8313.0,5.465483234714004,0.0017972651215764565,0.0017504866957609158,0.9028422886434714,-0.12413841450507791,0.0,3.0,-0.12413841450507791,10.163073641911645,2.7455793444772247,0.0008972565109721839,8313.0,294.0,267.0,1431.0,229.0,38.0,612.0,1725.0,0.9081632653061225,4.86734693877551,1.101123595505618,0.14232209737827714,2.292134831460674,0.3037542662116041,0.8576779026217228,0.14232209737827714,1431.0,619.0,644.0,3057.0,2050.0,1007.0,13.0,10.0,8.0,8.0,0.0,8.0,2.0
20.0,0.22190848689559153,0.616177534055106,0.9964623666666667,0.99706945,3.3333333333333335,1.6666666666666667,2.0,1.6666666666666667,3.3333333333333335,3.3333333333333335,3.6666666666666665,4.666666666666667,4.0,3042.0,8313.0,5.465483234714004,0.0017972651215764565,0.0017504866957609158,0.9028422886434714,-0.12413841450507791,0.0,3.0,-0.12413841450507791,10.163073641911645,2.7455793444772247,0.0008972565109721839,8313.0,294.0,267.0,1431.0,229.0,38.0,612.0,1725.0,0.9081632653061225,4.86734693877551,1.101123595505618,0.14232209737827714,2.292134831460674,0.3037542662116041,0.8576779026217228,0.14232209737827714,1431.0,619.0,644.0,3057.0,2050.0,1007.0,13.0,10.0,8.0,8.0,,8.0,2.0
21.0,0.3319347823361502,0.5778658861792527,0.9977611,0.9963978233333334,,,,,,,,,,3056.0,8352.0,5.465968586387435,0.0017891877533183092,0.001769624635354512,0.9079295597930082,-0.1260344462631085,0.0,3.0,-0.1260344462631085,10.171787667691731,2.7467523351137864,0.0008932303801979112,8352.0,294.0,267.0,1442.0,229.0,38.0,612.0,1736.0,0.9081632653061225,4.904761904761905,1.101123595505618,0.14232209737827714,2.292134831460674,0.3037542662116041,0.8576779026217228,0.14232209737827714,1442.0,639.0,644.0,3088.0,2081.0,1007.0,14.0,11.0,9.0,9.0,0.0,9.0,2.0
22.0,0.3485956971862397,0.6022532021039994,0.9973850866666666,0.9965433066666667,2.3333333333333335,2.3333333333333335,2.6666666666666665,3.0,3.3333333333333335,2.0,1.6666666666666667,2.0,2.0,3056.0,8352.0,5.465968586387435,0.0017891877533183092,0.001769624635354512,0.9079295597930082,-0.1260344462631085,0.0,3.0,-0.1260344462631085,10.171787667691731,2.7467523351137864,0.0008932303801979112,8352.0,294.0,267.0,1442.0,229.0,38.0,612.0,1736.0,0.9081632653061225,4.904761904761905,1.101123595505618,0.14232209737827714,2.292134831460674,0.3037542662116041,0.8576779026217228,0.14232209737827714,1442.0,639.0,644.0,3088.0,2081.0,1007.0,14.0,11.0,9.0,9.0,,9.0,2.0
23.0,0.0,0.9793663421997884,0.30909977666666666,0.8808968033333334,,,,,,,,,,3056.0,8352.0,5.465968586387435,0.0017891877533183092,0.001769624635354512,0.9079295597930082,-0.1260344462631085,0.0,3.0,-0.1260344462631085,10.171787667691731,2.7467523351137864,0.0008932303801979112,8352.0,294.0,267.0,1442.0,229.0,38.0,612.0,1736.0,0.9081632653061225,4.904761904761905,1.101123595505618,0.14232209737827714,2.292134831460674,0.3037542662116041,0.8576779026217228,0.14232209737827714,1442.0,639.0,644.0,3088.0,2081.0,1007.0,14.0,11.0,9.0,9.0,,9.0,2.0
24.0,0.0024002934806048666,0.2796211993673872,0.26823007,0.8694967766666667,5.0,5.0,1.0,5.0,5.0,5.0,5.0,5.0,5.0,3056.0,8352.0,5.465968586387435,0.0017891877533183092,0.001769624635354512,0.9079295597930082,-0.1260344462631085,0.0,3.0,-0.1260344462631085,10.171787667691731,2.7467523351137864,0.0008932303801979112,8352.0,294.0,267.0,1442.0,229.0,38.0,612.0,1736.0,0.9081632653061225,4.904761904761905,1.101123595505618,0.14232209737827714,2.292134831460674,0.3037542662116041,0.8576779026217228,0.14232209737827714,1442.0,639.0,644.0,3088.0,2081.0,1007.0,14.0,11.0,9.0,9.0,,9.0,2.0
25.0,0.2797378724153037,0.5394696506188611,0.9953427166666667,0.959187,5.0,5.0,5.0,4.0,5.0,5.0,5.0,5.0,5.0,3056.0,8352.0,5.465968586387435,0.0017891877533183092,0.001769624635354512,0.9079295597930082,-0.1260344462631085,0.0,3.0,-0.1260344462631085,10.171787667691731,2.7467523351137864,0.0008932303801979112,8352.0,294.0,267.0,1442.0,229.0,38.0,612.0,1736.0,0.9081632653061225,4.904761904761905,1.101123595505618,0.14232209737827714,2.292134831460674,0.3037542662116041,0.8576779026217228,0.14232209737827714,1442.0,639.0,644.0,3088.0,2081.0,1007.0,14.0,11.0,9.0,9.0,,9.0,2.0
26.0,0.0,0.09684667487837828,0.9832747333333334,0.9910009133333334,,,,,,,,,,3056.0,8352.0,5.465968586387435,0.0017891877533183092,0.001769624635354512,0.9079295597930082,-0.1260344462631085,0.0,3.0,-0.1260344462631085,10.171787667691731,2.7467523351137864,0.0008932303801979112,8352.0,294.0,267.0,1442.0,229.0,38.0,612.0,1736.0,0.9081632653061225,4.904761904761905,1.101123595505618,0.14232209737827714,2.292134831460674,0.3037542662116041,0.8576779026217228,0.14232209737827714,1442.0,639.0,644.0,3088.0,2081.0,1007.0,14.0,11.0,9.0,9.0,,9.0,2.0
27.0,0.38216106198251193,0.5805348952456133,0.99487088,0.9942863200000001,5.0,5.0,5.0,5.0,5.0,5.0,5.0,5.0,5.0,3056.0,8352.0,5.465968586387435,0.0017891877533183092,0.001769624635354512,0.9079295597930082,-0.1260344462631085,0.0,3.0,-0.1260344462631085,10.171787667691731,2.7467523351137864,0.0008932303801979112,8352.0,294.0,267.0,1442.0,229.0,38.0,612.0,1736.0,0.9081632653061225,4.904761904761905,1.101123595505618,0.14232209737827714,2.292134831460674,0.3037542662116041,0.8576779026217228,0.14232209737827714,1442.0,639.0,644.0,3088.0,2081.0,1007.0,14.0,11.0,9.0,9.0,,9.0,2.0
28.0,0.0,0.06367423882220037,0.98772965,0.9930707733333333,,,,,,,,,,3075.0,8403.0,5.465365853658537,0.0017779329387308186,0.0017827788372892165,0.9143892153793611,-0.1269433180883777,0.0,3.0,-0.1269433180883777,10.183969094069537,2.748119364521869,0.0008876198030272986,8403.0,294.0,267.0,1460.0,229.0,38.0,612.0,1754.0,0.9081632653061225,4.965986394557823,1.101123595505618,0.14232209737827714,2.292134831460674,0.3037542662116041,0.8576779026217228,0.14232209737827714,1460.0,659.0,644.0,3126.0,2119.0,1007.0,17.0,13.0,10.0,10.0,0.0,10.0,3.0
29.0,0.4496841831825688,0.5697962946915313,0.9936809000000001,0.9944108000000002,4.666666666666667,3.3333333333333335,4.0,4.0,4.333333333333333,4.333333333333333,4.333333333333333,4.666666666666667,5.0,3075.0,8403.0,5.465365853658537,0.0017779329387308186,0.0017827788372892165,0.9143892153793611,-0.1269433180883777,0.0,3.0,-0.1269433180883777,10.183969094069537,2.748119364521869,0.0008876198030272986,8403.0,294.0,267.0,1460.0,229.0,38.0,612.0,1754.0,0.9081632653061225,4.965986394557823,1.101123595505618,0.14232209737827714,2.292134831460674,0.3037542662116041,0.8576779026217228,0.14232209737827714,1460.0,659.0,644.0,3126.0,2119.0,1007.0,17.0,13.0,10.0,10.0,,10.0,3.0
30.0,0.2601530800060257,0.40703860919065527,0.2766817366666667,0.9948828833333333,,,,,,,,,,3089.0,8443.0,5.466494011006798,0.0017702376978648959,0.0017938468042751957,0.919021930091758,-0.1285057031557634,0.0,3.0,-0.1285057031557634,10.192644711826762,2.749241132117742,0.0008837843029721165,8443.0,294.0,267.0,1472.0,229.0,38.0,612.0,1766.0,0.9081632653061225,5.006802721088436,1.101123595505618,0.14232209737827714,2.292134831460674,0.3037542662116041,0.8576779026217228,0.14232209737827714,1472.0,679.0,644.0,3158.0,2151.0,1007.0,18.0,14.0,11.0,11.0,0.0,11.0,3.0
31.0,0.3360694777889833,0.6289306237968143,0.07130647466666666,0.9545142499999999,2.3333333333333335,2.3333333333333335,2.6666666666666665,3.0,3.3333333333333335,2.3333333333333335,2.6666666666666665,3.3333333333333335,3.0,3089.0,8443.0,5.466494011006798,0.0017702376978648959,0.0017938468042751957,0.919021930091758,-0.1285057031557634,0.0,3.0,-0.1285057031557634,10.192644711826762,2.749241132117742,0.0008837843029721165,8443.0,294.0,267.0,1472.0,229.0,38.0,612.0,1766.0,0.9081632653061225,5.006802721088436,1.101123595505618,0.14232209737827714,2.292134831460674,0.3037542662116041,0.8576779026217228,0.14232209737827714,1472.0,679.0,644.0,3158.0,2151.0,1007.0,18.0,14.0,11.0,11.0,,11.0,3.0
32.0,0.174626427909552,0.4613072712971131,0.24768851,0.70823232,,,,,,,,,,3103.0,8483.0,5.467611988398324,0.0017626086358472999,0.0018047407646457616,0.9236688547660825,-0.1298815258987902,0.0,3.0,-0.1298815258987902,10.201311387373364,2.7503146127977707,0.0008799817294481477,8483.0,294.0,267.0,1484.0,229.0,38.0,612.0,1778.0,0.9081632653061225,5.0476190476190474,1.101123595505618,0.14232209737827714,2.292134831460674,0.3037542662116041,0.8576779026217228,0.14232209737827714,1484.0,699.0,644.0,3190.0,2183.0,1007.0,19.0,15.0,12.0,12.0,0.0,12.0,3.0
33.0,0.6294584611637742,0.7172246298455089,0.06095130666666667,0.27699814,3.0,1.3333333333333333,2.0,1.3333333333333333,3.0,2.6666666666666665,3.0,4.666666666666667,5.0,3103.0,8483.0,5.467611988398324,0.0017626086358472999,0.0018047407646457616,0.9236688547660825,-0.1298815258987902,0.0,3.0,-0.1298815258987902,10.201311387373364,2.7503146127977707,0.0008799817294481477,8483.0,294.0,267.0,1484.0,229.0,38.0,612.0,1778.0,0.9081632653061225,5.0476190476190474,1.101123595505618,0.14232209737827714,2.292134831460674,0.3037542662116041,0.8576779026217228,0.14232209737827714,1484.0,699.0,644.0,3190.0,2183.0,1007.0,19.0,15.0,12.0,12.0,,12.0,3.0
34.0,0.7473401990336855,0.8634300198538171,0.7556000733333333,0.9970921333333332,,,,,,,,,,3103.0,8483.0,5.467611988398324,0.0017626086358472999,0.0018047407646457616,0.9236688547660825,-0.1298815258987902,0.0,3.0,-0.1298815258987902,10.201311387373364,2.7503146127977707,0.0008799817294481477,8483.0,294.0,267.0,1484.0,229.0,38.0,612.0,1778.0,0.9081632653061225,5.0476190476190474,1.101123595505618,0.14232209737827714,2.292134831460674,0.3037542662116041,0.8576779026217228,0.14232209737827714,1484.0,699.0,644.0,3190.0,2183.0,1007.0,19.0,15.0,12.0,12.0,,12.0,3.0
35.0,0.2974274611208041,0.5435909568695206,0.48019351666666665,0.9950364933333334,1.3333333333333333,1.3333333333333333,1.3333333333333333,1.3333333333333333,1.6666666666666667,1.3333333333333333,1.3333333333333333,2.3333333333333335,1.6666666666666667,3103.0,8483.0,5.467611988398324,0.0017626086358472999,0.0018047407646457616,0.9236688547660825,-0.1298815258987902,0.0,3.0,-0.1298815258987902,10.201311387373364,2.7503146127977707,0.0008799817294481477,8483.0,294.0,267.0,1484.0,229.0,38.0,612.0,1778.0,0.9081632653061225,5.0476190476190474,1.101123595505618,0.14232209737827714,2.292134831460674,0.3037542662116041,0.8576779026217228,0.14232209737827714,1484.0,699.0,644.0,3190.0,2183.0,1007.0,19.0,15.0,12.0,12.0,,12.0,3.0
36.0,0.7322618464474986,0.7424472967878625,0.9975990666666666,0.9957531333333334,,,,,,,,,,3118.0,8522.0,5.4663245670301475,0.001753713367670885,0.0018190373797417707,0.9277146860101595,-0.13141021395856417,0.0,3.0,-0.13141021395856417,10.209864429244227,2.751559982709949,0.0008755468567744409,8522.0,294.0,267.0,1494.0,229.0,38.0,612.0,1788.0,0.9081632653061225,5.081632653061225,1.101123595505618,0.14232209737827714,2.292134831460674,0.3037542662116041,0.8576779026217228,0.14232209737827714,1494.0,718.0,644.0,3219.0,2212.0,1007.0,20.0,16.0,13.0,13.0,0.0,13.0,3.0
37.0,0.34468040243884007,0.6076842393033345,0.5547624999999999,0.9915856733333334,2.3333333333333335,2.0,1.6666666666666667,2.6666666666666665,3.6666666666666665,2.0,2.0,2.3333333333333335,2.0,3118.0,8522.0,5.4663245670301475,0.001753713367670885,0.0018190373797417707,0.9277146860101595,-0.13141021395856417,0.0,3.0,-0.13141021395856417,10.209864429244227,2.751559982709949,0.0008755468567744409,8522.0,294.0,267.0,1494.0,229.0,38.0,612.0,1788.0,0.9081632653061225,5.081632653061225,1.101123595505618,0.14232209737827714,2.292134831460674,0.3037542662116041,0.8576779026217228,0.14232209737827714,1494.0,718.0,644.0,3219.0,2212.0,1007.0,20.0,16.0,13.0,13.0,,13.0,3.0
38.0,0.4241755989619717,0.5360622337615,0.9792128333333334,0.7891277833333333,,,,,,,,,,3135.0,8564.0,5.46347687400319,0.0017432919189544322,0.0018216566336313885,0.9320422305732347,-0.1322943695030109,0.0,3.0,-0.1322943695030109,10.219532562889087,2.752844712579858,0.0008703504447649499,8564.0,294.0,267.0,1506.0,229.0,38.0,612.0,1800.0,0.9081632653061225,5.122448979591836,1.101123595505618,0.14232209737827714,2.292134831460674,0.3037542662116041,0.8576779026217228,0.14232209737827714,1506.0,737.0,644.0,3250.0,2243.0,1007.0,22.0,17.0,14.0,14.0,0.0,14.0,3.0
39.0,0.29484496276392497,0.6196925809529779,0.9951996666666666,0.8835648233333333,1.3333333333333333,1.6666666666666667,2.0,2.0,2.3333333333333335,1.3333333333333333,1.6666666666666667,2.0,2.0,3135.0,8564.0,5.46347687400319,0.0017432919189544322,0.0018216566336313885,0.9320422305732347,-0.1322943695030109,0.0,3.0,-0.1322943695030109,10.219532562889087,2.752844712579858,0.0008703504447649499,8564.0,294.0,267.0,1506.0,229.0,38.0,612.0,1800.0,0.9081632653061225,5.122448979591836,1.101123595505618,0.14232209737827714,2.292134831460674,0.3037542662116041,0.8576779026217228,0.14232209737827714,1506.0,737.0,644.0,3250.0,2243.0,1007.0,22.0,17.0,14.0,14.0,,14.0,3.0
40.0,0.32268565231138785,0.4537866860491057,0.9961504166666666,0.99341334,,,,,,,,,,3135.0,8564.0,5.46347687400319,0.0017432919189544322,0.0018216566336313885,0.9320422305732347,-0.1322943695030109,0.0,3.0,-0.1322943695030109,10.219532562889087,2.752844712579858,0.0008703504447649499,8564.0,294.0,267.0,1506.0,229.0,38.0,612.0,1800.0,0.9081632653061225,5.122448979591836,1.101123595505618,0.14232209737827714,2.292134831460674,0.3037542662116041,0.8576779026217228,0.14232209737827714,1506.0,737.0,644.0,3250.0,2243.0,1007.0,22.0,17.0,14.0,14.0,,14.0,3.0
41.0,0.43631422518741453,0.5583942201346822,0.9969459166666667,0.9961381133333332,2.6666666666666665,1.6666666666666667,1.3333333333333333,1.3333333333333333,1.3333333333333333,3.3333333333333335,1.6666666666666667,4.666666666666667,5.0,3135.0,8564.0,5.46347687400319,0.0017432919189544322,0.0018216566336313885,0.9320422305732347,-0.1322943695030109,0.0,3.0,-0.1322943695030109,10.219532562889087,2.752844712579858,0.0008703504447649499,8564.0,294.0,267.0,1506.0,229.0,38.0,612.0,1800.0,0.9081632653061225,5.122448979591836,1.101123595505618,0.14232209737827714,2.292134831460674,0.3037542662116041,0.8576779026217228,0.14232209737827714,1506.0,737.0,644.0,3250.0,2243.0,1007.0,22.0,17.0,14.0,14.0,,14.0,3.0
42.0,0.7155871152958025,0.7170350258867709,0.99799638,0.9967547333333333,,,,,,,,,,3151.0,8606.0,5.462392891145668,0.0017340929813160853,0.0018249249138952233,0.9367454429573266,-0.13313844962605006,0.0,3.0,-0.13313844962605006,10.228506070169349,2.7539348738041896,0.0008657641542014992,8606.0,294.0,267.0,1519.0,229.0,38.0,612.0,1813.0,0.9081632653061225,5.166666666666667,1.101123595505618,0.14232209737827714,2.292134831460674,0.3037542662116041,0.8576779026217228,0.14232209737827714,1519.0,756.0,644.0,3282.0,2275.0,1007.0,24.0,18.0,15.0,15.0,0.0,15.0,3.0
43.0,0.34592669578194496,0.5119717286853706,0.9974126999999999,0.9967741999999999,2.6666666666666665,1.6666666666666667,2.6666666666666665,2.6666666666666665,2.0,2.6666666666666665,1.3333333333333333,3.3333333333333335,1.6666666666666667,3151.0,8606.0,5.462392891145668,0.0017340929813160853,0.0018249249138952233,0.9367454429573266,-0.13313844962605006,0.0,3.0,-0.13313844962605006,10.228506070169349,2.7539348738041896,0.0008657641542014992,8606.0,294.0,267.0,1519.0,229.0,38.0,612.0,1813.0,0.9081632653061225,5.166666666666667,1.101123595505618,0.14232209737827714,2.292134831460674,0.3037542662116041,0.8576779026217228,0.14232209737827714,1519.0,756.0,644.0,3282.0,2275.0,1007.0,24.0,18.0,15.0,15.0,,15.0,3.0
44.0,0.013958265381346065,0.393224502601071,0.9976683,0.99715227,,,,,,,,,,3166.0,8645.0,5.461149715729627,0.0017254817427265806,0.0018418206989068986,0.9407270558864677,-0.1345725551817735,0.0,3.0,-0.1345725551817735,10.236560697808159,2.755096491158122,0.0008614707195729739,8645.0,294.0,267.0,1529.0,229.0,38.0,612.0,1823.0,0.9081632653061225,5.200680272108843,1.101123595505618,0.14232209737827714,2.292134831460674,0.3037542662116041,0.8576779026217228,0.14232209737827714,1529.0,775.0,644.0,3311.0,2304.0,1007.0,25.0,19.0,16.0,16.0,0.0,16.0,3.0
45.0,0.0,0.30159280449717324,0.997453,0.99690706,2.6666666666666665,1.3333333333333333,1.3333333333333333,1.3333333333333333,3.3333333333333335,3.6666666666666665,4.666666666666667,4.666666666666667,5.0,3166.0,8645.0,5.461149715729627,0.0017254817427265806,0.0018418206989068986,0.9407270558864677,-0.1345725551817735,0.0,3.0,-0.1345725551817735,10.236560697808159,2.755096491158122,0.0008614707195729739,8645.0,294.0,267.0,1529.0,229.0,38.0,612.0,1823.0,0.9081632653061225,5.200680272108843,1.101123595505618,0.14232209737827714,2.292134831460674,0.3037542662116041,0.8576779026217228,0.14232209737827714,1529.0,775.0,644.0,3311.0,2304.0,1007.0,25.0,19.0,16.0,16.0,,16.0,3.0
46.0,0.45289211720076067,0.569341858594279,0.99743664,0.9968559999999999,,,,,,,,,,3166.0,8645.0,5.461149715729627,0.0017254817427265806,0.0018418206989068986,0.9407270558864677,-0.1345725551817735,0.0,3.0,-0.1345725551817735,10.236560697808159,2.755096491158122,0.0008614707195729739,8645.0,294.0,267.0,1529.0,229.0,38.0,612.0,1823.0,0.9081632653061225,5.200680272108843,1.101123595505618,0.14232209737827714,2.292134831460674,0.3037542662116041,0.8576779026217228,0.14232209737827714,1529.0,775.0,644.0,3311.0,2304.0,1007.0,25.0,19.0,16.0,16.0,,16.0,3.0
47.0,0.24893652555110246,0.47990080021818726,0.9921094333333333,0.9965077,1.3333333333333333,1.6666666666666667,1.3333333333333333,1.6666666666666667,1.6666666666666667,2.0,2.0,2.0,1.3333333333333333,3166.0,8645.0,5.461149715729627,0.0017254817427265806,0.0018418206989068986,0.9407270558864677,-0.1345725551817735,0.0,3.0,-0.1345725551817735,10.236560697808159,2.755096491158122,0.0008614707195729739,8645.0,294.0,267.0,1529.0,229.0,38.0,612.0,1823.0,0.9081632653061225,5.200680272108843,1.101123595505618,0.14232209737827714,2.292134831460674,0.3037542662116041,0.8576779026217228,0.14232209737827714,1529.0,775.0,644.0,3311.0,2304.0,1007.0,25.0,19.0,16.0,16.0,,16.0,3.0
48.0,0.46104801817858104,0.6026093401295364,0.9342966600000001,0.6809772566666666,,,,,,,,,,3166.0,8645.0,5.461149715729627,0.0017254817427265806,0.0018418206989068986,0.9407270558864677,-0.1345725551817735,0.0,3.0,-0.1345725551817735,10.236560697808159,2.755096491158122,0.0008614707195729739,8645.0,294.0,267.0,1529.0,229.0,38.0,612.0,1823.0,0.9081632653061225,5.200680272108843,1.101123595505618,0.14232209737827714,2.292134831460674,0.3037542662116041,0.8576779026217228,0.14232209737827714,1529.0,775.0,644.0,3311.0,2304.0,1007.0,25.0,19.0,16.0,16.0,,16.0,3.0
49.0,0.44708722508843013,0.6487664526555548,0.35568388333333334,0.7944121900000001,2.0,1.3333333333333333,2.0,1.3333333333333333,1.6666666666666667,2.3333333333333335,1.3333333333333333,2.6666666666666665,2.6666666666666665,3166.0,8645.0,5.461149715729627,0.0017254817427265806,0.0018418206989068986,0.9407270558864677,-0.1345725551817735,0.0,3.0,-0.1345725551817735,10.236560697808159,2.755096491158122,0.0008614707195729739,8645.0,294.0,267.0,1529.0,229.0,38.0,612.0,1823.0,0.9081632653061225,5.200680272108843,1.101123595505618,0.14232209737827714,2.292134831460674,0.3037542662116041,0.8576779026217228,0.14232209737827714,1529.0,775.0,644.0,3311.0,2304.0,1007.0,25.0,19.0,16.0,16.0,,16.0,3.0
50.0,0.0,0.2461808323574107,0.20338587333333336,0.7241771866666666,,,,,,,,,,3166.0,8645.0,5.461149715729627,0.0017254817427265806,0.0018418206989068986,0.9407270558864677,-0.1345725551817735,0.0,3.0,-0.1345725551817735,10.236560697808159,2.755096491158122,0.0008614707195729739,8645.0,294.0,267.0,1529.0,229.0,38.0,612.0,1823.0,0.9081632653061225,5.200680272108843,1.101123595505618,0.14232209737827714,2.292134831460674,0.3037542662116041,0.8576779026217228,0.14232209737827714,1529.0,775.0,644.0,3311.0,2304.0,1007.0,25.0,19.0,16.0,16.0,,16.0,3.0
51.0,0.0,0.14950147274487913,0.05561642733333333,0.74767215,5.0,2.0,5.0,5.0,5.0,5.0,5.0,5.0,5.0,3166.0,8645.0,5.461149715729627,0.0017254817427265806,0.0018418206989068986,0.9407270558864677,-0.1345725551817735,0.0,3.0,-0.1345725551817735,10.236560697808159,2.755096491158122,0.0008614707195729739,8645.0,294.0,267.0,1529.0,229.0,38.0,612.0,1823.0,0.9081632653061225,5.200680272108843,1.101123595505618,0.14232209737827714,2.292134831460674,0.3037542662116041,0.8576779026217228,0.14232209737827714,1529.0,775.0,644.0,3311.0,2304.0,1007.0,25.0,19.0,16.0,16.0,,16.0,3.0
52.0,0.18563791371286542,0.6194430535103996,0.07396625733333334,0.24707755,5.0,5.0,5.0,5.0,5.0,5.0,5.0,5.0,5.0,3166.0,8645.0,5.461149715729627,0.0017254817427265806,0.0018418206989068986,0.9407270558864677,-0.1345725551817735,0.0,3.0,-0.1345725551817735,10.236560697808159,2.755096491158122,0.0008614707195729739,8645.0,294.0,267.0,1529.0,229.0,38.0,612.0,1823.0,0.9081632653061225,5.200680272108843,1.101123595505618,0.14232209737827714,2.292134831460674,0.3037542662116041,0.8576779026217228,0.14232209737827714,1529.0,775.0,644.0,3311.0,2304.0,1007.0,25.0,19.0,16.0,16.0,,16.0,3.0
53.0,0.0,0.05609284962461797,0.06727682833333333,0.43777411000000005,,,,,,,,,,3166.0,8645.0,5.461149715729627,0.0017254817427265806,0.0018418206989068986,0.9407270558864677,-0.1345725551817735,0.0,3.0,-0.1345725551817735,10.236560697808159,2.755096491158122,0.0008614707195729739,8645.0,294.0,267.0,1529.0,229.0,38.0,612.0,1823.0,0.9081632653061225,5.200680272108843,1.101123595505618,0.14232209737827714,2.292134831460674,0.3037542662116041,0.8576779026217228,0.14232209737827714,1529.0,775.0,644.0,3311.0,2304.0,1007.0,25.0,19.0,16.0,16.0,,16.0,3.0
54.0,0.2464514856264247,0.5530881514466525,0.06744861166666667,0.08774497333333335,5.0,5.0,5.0,5.0,5.0,5.0,5.0,5.0,5.0,3166.0,8645.0,5.461149715729627,0.0017254817427265806,0.0018418206989068986,0.9407270558864677,-0.1345725551817735,0.0,3.0,-0.1345725551817735,10.236560697808159,2.755096491158122,0.0008614707195729739,8645.0,294.0,267.0,1529.0,229.0,38.0,612.0,1823.0,0.9081632653061225,5.200680272108843,1.101123595505618,0.14232209737827714,2.292134831460674,0.3037542662116041,0.8576779026217228,0.14232209737827714,1529.0,775.0,644.0,3311.0,2304.0,1007.0,25.0,19.0,16.0,16.0,,16.0,3.0
55.0,0.0,0.0904776329814298,0.04964191133333334,0.17032261,,,,,,,,,,3184.0,8695.0,5.461683417085427,0.0017158917427224087,0.0018641647599339532,0.9473924040490304,-0.13533276194974733,0.0,3.0,-0.13533276194974733,10.24713066349969,2.7561100586004588,0.000856690014141057,8695.0,294.0,267.0,1547.0,229.0,38.0,612.0,1841.0,0.9081632653061225,5.261904761904762,1.101123595505618,0.14232209737827714,2.292134831460674,0.3037542662116041,0.8576779026217228,0.14232209737827714,1547.0,795.0,644.0,3349.0,2342.0,1007.0,28.0,21.0,17.0,17.0,0.0,17.0,4.0
56.0,0.5688070346519948,0.7021108874270915,0.050694378000000005,0.69973556,4.333333333333333,3.3333333333333335,4.0,4.0,4.333333333333333,4.333333333333333,4.666666666666667,5.0,5.0,3184.0,8695.0,5.461683417085427,0.0017158917427224087,0.0018641647599339532,0.9473924040490304,-0.13533276194974733,0.0,3.0,-0.13533276194974733,10.24713066349969,2.7561100586004588,0.000856690014141057,8695.0,294.0,267.0,1547.0,229.0,38.0,612.0,1841.0,0.9081632653061225,5.261904761904762,1.101123595505618,0.14232209737827714,2.292134831460674,0.3037542662116041,0.8576779026217228,0.14232209737827714,1547.0,795.0,644.0,3349.0,2342.0,1007.0,28.0,21.0,17.0,17.0,,17.0,4.0
57.0,0.3031567782438897,0.4860814545036492,0.45497727000000004,0.68666762,,,,,,,,,,3196.0,8732.0,5.46433041301627,0.0017102755596295055,0.0018809767552804824,0.9509950753480786,-0.13653899162875058,0.0,3.0,-0.13653899162875058,10.254046837862662,2.756966391041338,0.000853891206310767,8732.0,294.0,267.0,1557.0,229.0,38.0,612.0,1851.0,0.9081632653061225,5.295918367346939,1.101123595505618,0.14232209737827714,2.292134831460674,0.3037542662116041,0.8576779026217228,0.14232209737827714,1557.0,814.0,644.0,3378.0,2371.0,1007.0,28.0,22.0,18.0,18.0,0.0,18.0,4.0
58.0,0.4527935699391589,0.7095070120984319,0.98564368,0.99273458,3.6666666666666665,3.3333333333333335,4.0,4.333333333333333,4.333333333333333,4.666666666666667,4.666666666666667,5.0,4.0,3196.0,8732.0,5.46433041301627,0.0017102755596295055,0.0018809767552804824,0.9509950753480786,-0.13653899162875058,0.0,3.0,-0.13653899162875058,10.254046837862662,2.756966391041338,0.000853891206310767,8732.0,294.0,267.0,1557.0,229.0,38.0,612.0,1851.0,0.9081632653061225,5.295918367346939,1.101123595505618,0.14232209737827714,2.292134831460674,0.3037542662116041,0.8576779026217228,0.14232209737827714,1557.0,814.0,644.0,3378.0,2371.0,1007.0,28.0,22.0,18.0,18.0,,18.0,4.0
59.0,0.6734672933724828,0.7361241765385899,0.9476133733333333,0.9907320999999999,,,,,,,,,,3196.0,8732.0,5.46433041301627,0.0017102755596295055,0.0018809767552804824,0.9509950753480786,-0.13653899162875058,0.0,3.0,-0.13653899162875058,10.254046837862662,2.756966391041338,0.000853891206310767,8732.0,294.0,267.0,1557.0,229.0,38.0,612.0,1851.0,0.9081632653061225,5.295918367346939,1.101123595505618,0.14232209737827714,2.292134831460674,0.3037542662116041,0.8576779026217228,0.14232209737827714,1557.0,814.0,644.0,3378.0,2371.0,1007.0,28.0,22.0,18.0,18.0,,18.0,4.0
60.0,0.35307071036450816,0.5470356111186404,0.9528830666666668,0.99448189,3.0,3.6666666666666665,2.6666666666666665,1.3333333333333333,1.3333333333333333,2.6666666666666665,2.0,4.666666666666667,4.333333333333333,3196.0,8732.0,5.46433041301627,0.0017102755596295055,0.0018809767552804824,0.9509950753480786,-0.13653899162875058,0.0,3.0,-0.13653899162875058,10.254046837862662,2.756966391041338,0.000853891206310767,8732.0,294.0,267.0,1557.0,229.0,38.0,612.0,1851.0,0.9081632653061225,5.295918367346939,1.101123595505618,0.14232209737827714,2.292134831460674,0.3037542662116041,0.8576779026217228,0.14232209737827714,1557.0,814.0,644.0,3378.0,2371.0,1007.0,28.0,22.0,18.0,18.0,,18.0,4.0
61.0,0.32208575802430417,0.5087962001419174,0.9867981933333333,0.99715431,,,,,,,,,,3212.0,8776.0,5.464508094645081,0.0017018088117860734,0.0018819278565039238,0.9547211277453921,-0.13775334843748696,0.0,3.0,-0.13775334843748696,10.262984460605473,2.7578893721632727,0.0008496702124194917,8776.0,294.0,267.0,1570.0,229.0,38.0,612.0,1864.0,0.9081632653061225,5.340136054421769,1.101123595505618,0.14232209737827714,2.292134831460674,0.3037542662116041,0.8576779026217228,0.14232209737827714,1570.0,833.0,644.0,3410.0,2403.0,1007.0,30.0,23.0,19.0,19.0,0.0,19.0,4.0
62.0,0.3933523698391947,0.7053705081326012,0.99102988,0.6813126133333333,3.3333333333333335,2.6666666666666665,3.0,2.6666666666666665,3.3333333333333335,3.3333333333333335,3.0,3.3333333333333335,4.333333333333333,3212.0,8776.0,5.464508094645081,0.0017018088117860734,0.0018819278565039238,0.9547211277453921,-0.13775334843748696,0.0,3.0,-0.13775334843748696,10.262984460605473,2.7578893721632727,0.0008496702124194917,8776.0,294.0,267.0,1570.0,229.0,38.0,612.0,1864.0,0.9081632653061225,5.340136054421769,1.101123595505618,0.14232209737827714,2.292134831460674,0.3037542662116041,0.8576779026217228,0.14232209737827714,1570.0,833.0,644.0,3410.0,2403.0,1007.0,30.0,23.0,19.0,19.0,,19.0,4.0
63.0,0.10419057806767884,0.3630232177519011,0.9966623366666667,0.4067326,,,,,,,,,,3226.0,8814.0,5.464352138871668,0.0016943727562392773,0.0018856298420114246,0.9590242701315851,-0.13880474265390044,0.0,3.0,-0.13880474265390044,10.270375276354645,2.7588087689269947,0.0008459628814087646,8814.0,294.0,267.0,1580.0,229.0,38.0,612.0,1874.0,0.9081632653061225,5.374149659863946,1.101123595505618,0.14232209737827714,2.292134831460674,0.3037542662116041,0.8576779026217228,0.14232209737827714,1580.0,853.0,644.0,3440.0,2433.0,1007.0,31.0,24.0,20.0,20.0,0.0,20.0,4.0
64.0,0.16135413848337987,0.4299522598706375,0.9953086333333333,0.26760895,3.0,3.0,3.3333333333333335,3.3333333333333335,2.3333333333333335,2.6666666666666665,3.3333333333333335,3.3333333333333335,3.6666666666666665,3226.0,8814.0,5.464352138871668,0.0016943727562392773,0.0018856298420114246,0.9590242701315851,-0.13880474265390044,0.0,3.0,-0.13880474265390044,10.270375276354645,2.7588087689269947,0.0008459628814087646,8814.0,294.0,267.0,1580.0,229.0,38.0,612.0,1874.0,0.9081632653061225,5.374149659863946,1.101123595505618,0.14232209737827714,2.292134831460674,0.3037542662116041,0.8576779026217228,0.14232209737827714,1580.0,853.0,644.0,3440.0,2433.0,1007.0,31.0,24.0,20.0,20.0,,20.0,4.0
65.0,0.7934823880828913,0.7934823880828913,0.99730949,0.9930264333333333,,,,,,,,,,3240.0,8852.0,5.4641975308641975,0.0016870013988466185,0.0019054358365673137,0.9632937958700915,-0.13956248631101467,0.0,3.0,-0.13956248631101467,10.277791109506966,2.7597094307176757,0.0008422877610120409,8852.0,294.0,267.0,1590.0,229.0,38.0,612.0,1884.0,0.9081632653061225,5.408163265306122,1.101123595505618,0.14232209737827714,2.292134831460674,0.3037542662116041,0.8576779026217228,0.14232209737827714,1590.0,872.0,644.0,3469.0,2462.0,1007.0,32.0,25.0,21.0,21.0,0.0,21.0,4.0
66.0,0.3702645982228047,0.6366289078556532,0.9972165333333334,0.9941696666666667,2.3333333333333335,1.6666666666666667,1.6666666666666667,1.3333333333333333,2.3333333333333335,2.3333333333333335,2.0,2.6666666666666665,2.6666666666666665,3240.0,8852.0,5.4641975308641975,0.0016870013988466185,0.0019054358365673137,0.9632937958700915,-0.13956248631101467,0.0,3.0,-0.13956248631101467,10.277791109506966,2.7597094307176757,0.0008422877610120409,8852.0,294.0,267.0,1590.0,229.0,38.0,612.0,1884.0,0.9081632653061225,5.408163265306122,1.101123595505618,0.14232209737827714,2.292134831460674,0.3037542662116041,0.8576779026217228,0.14232209737827714,1590.0,872.0,644.0,3469.0,2462.0,1007.0,32.0,25.0,21.0,21.0,,21.0,4.0
67.0,0.5923131296765477,0.7075247794325822,0.9978884533333333,0.9944500766666667,,,,,,,,,,3240.0,8852.0,5.4641975308641975,0.0016870013988466185,0.0019054358365673137,0.9632937958700915,-0.13956248631101467,0.0,3.0,-0.13956248631101467,10.277791109506966,2.7597094307176757,0.0008422877610120409,8852.0,294.0,267.0,1590.0,229.0,38.0,612.0,1884.0,0.9081632653061225,5.408163265306122,1.101123595505618,0.14232209737827714,2.292134831460674,0.3037542662116041,0.8576779026217228,0.14232209737827714,1590.0,872.0,644.0,3469.0,2462.0,1007.0,32.0,25.0,21.0,21.0,,21.0,4.0
68.0,0.4766642246294858,0.6707671557614295,0.9978481666666666,0.9964865333333334,2.3333333333333335,2.3333333333333335,2.3333333333333335,2.3333333333333335,2.0,2.0,1.6666666666666667,2.6666666666666665,4.333333333333333,3240.0,8852.0,5.4641975308641975,0.0016870013988466185,0.0019054358365673137,0.9632937958700915,-0.13956248631101467,0.0,3.0,-0.13956248631101467,10.277791109506966,2.7597094307176757,0.0008422877610120409,8852.0,294.0,267.0,1590.0,229.0,38.0,612.0,1884.0,0.9081632653061225,5.408163265306122,1.101123595505618,0.14232209737827714,2.292134831460674,0.3037542662116041,0.8576779026217228,0.14232209737827714,1590.0,872.0,644.0,3469.0,2462.0,1007.0,32.0,25.0,21.0,21.0,,21.0,4.0
69.0,0.5457466840511597,0.7652348612589689,0.9980288133333333,0.9971225666666667,,,,,,,,,,3240.0,8852.0,5.4641975308641975,0.0016870013988466185,0.0019054358365673137,0.9632937958700915,-0.13956248631101467,0.0,3.0,-0.13956248631101467,10.277791109506966,2.7597094307176757,0.0008422877610120409,8852.0,294.0,267.0,1590.0,229.0,38.0,612.0,1884.0,0.9081632653061225,5.408163265306122,1.101123595505618,0.14232209737827714,2.292134831460674,0.3037542662116041,0.8576779026217228,0.14232209737827714,1590.0,872.0,644.0,3469.0,2462.0,1007.0,32.0,25.0,21.0,21.0,,21.0,4.0
70.0,0.2891367929103502,0.5843662028941915,0.9942348166666667,0.9970209666666666,1.3333333333333333,2.0,1.0,1.6666666666666667,1.3333333333333333,1.3333333333333333,1.3333333333333333,2.3333333333333335,2.3333333333333335,3240.0,8852.0,5.4641975308641975,0.0016870013988466185,0.0019054358365673137,0.9632937958700915,-0.13956248631101467,0.0,3.0,-0.13956248631101467,10.277791109506966,2.7597094307176757,0.0008422877610120409,8852.0,294.0,267.0,1590.0,229.0,38.0,612.0,1884.0,0.9081632653061225,5.408163265306122,1.101123595505618,0.14232209737827714,2.292134831460674,0.3037542662116041,0.8576779026217228,0.14232209737827714,1590.0,872.0,644.0,3469.0,2462.0,1007.0,32.0,25.0,21.0,21.0,,21.0,4.0
71.0,0.5248991524119367,0.6603097294491275,0.9975315133333332,0.9971428533333334,,,,,,,,,,3252.0,8888.0,5.466174661746617,0.0016813825474458989,0.001952726050273522,0.9670447264795967,-0.14056411443101924,0.0,3.0,-0.14056411443101924,10.284111689146396,2.760547539208209,0.0008394871771595945,8888.0,294.0,267.0,1599.0,229.0,38.0,612.0,1893.0,0.9081632653061225,5.438775510204081,1.101123595505618,0.14232209737827714,2.292134831460674,0.3037542662116041,0.8576779026217228,0.14232209737827714,1599.0,891.0,644.0,3497.0,2490.0,1007.0,32.0,26.0,22.0,22.0,0.0,22.0,4.0
72.0,0.36784745122755586,0.6643094688891922,0.9981078766666668,0.99718812,4.0,2.3333333333333335,2.0,3.6666666666666665,4.0,4.333333333333333,4.0,4.666666666666667,5.0,3252.0,8888.0,5.466174661746617,0.0016813825474458989,0.001952726050273522,0.9670447264795967,-0.14056411443101924,0.0,3.0,-0.14056411443101924,10.284111689146396,2.760547539208209,0.0008394871771595945,8888.0,294.0,267.0,1599.0,229.0,38.0,612.0,1893.0,0.9081632653061225,5.438775510204081,1.101123595505618,0.14232209737827714,2.292134831460674,0.3037542662116041,0.8576779026217228,0.14232209737827714,1599.0,891.0,644.0,3497.0,2490.0,1007.0,32.0,26.0,22.0,22.0,,22.0,4.0
73.0,0.6448895434465353,0.7246479963267657,0.9979326733333332,0.9944559866666666,,,,,,,,,,3252.0,8888.0,5.466174661746617,0.0016813825474458989,0.001952726050273522,0.9670447264795967,-0.14056411443101924,0.0,3.0,-0.14056411443101924,10.284111689146396,2.760547539208209,0.0008394871771595945,8888.0,294.0,267.0,1599.0,229.0,38.0,612.0,1893.0,0.9081632653061225,5.438775510204081,1.101123595505618,0.14232209737827714,2.292134831460674,0.3037542662116041,0.8576779026217228,0.14232209737827714,1599.0,891.0,644.0,3497.0,2490.0,1007.0,32.0,26.0,22.0,22.0,,22.0,4.0
74.0,0.31713576989666287,0.6074075460001914,0.9977255333333334,0.99702234,5.0,3.6666666666666665,3.6666666666666665,4.666666666666667,4.666666666666667,5.0,4.666666666666667,5.0,5.0,3252.0,8888.0,5.466174661746617,0.0016813825474458989,0.001952726050273522,0.9670447264795967,-0.14056411443101924,0.0,3.0,-0.14056411443101924,10.284111689146396,2.760547539208209,0.0008394871771595945,8888.0,294.0,267.0,1599.0,229.0,38.0,612.0,1893.0,0.9081632653061225,5.438775510204081,1.101123595505618,0.14232209737827714,2.292134831460674,0.3037542662116041,0.8576779026217228,0.14232209737827714,1599.0,891.0,644.0,3497.0,2490.0,1007.0,32.0,26.0,22.0,22.0,,22.0,4.0
75.0,0.48734840452237654,0.5861379345097005,0.9979110333333333,0.9971591633333334,,,,,,,,,,3252.0,8888.0,5.466174661746617,0.0016813825474458989,0.001952726050273522,0.9670447264795967,-0.14056411443101924,0.0,3.0,-0.14056411443101924,10.284111689146396,2.760547539208209,0.0008394871771595945,8888.0,294.0,267.0,1599.0,229.0,38.0,612.0,1893.0,0.9081632653061225,5.438775510204081,1.101123595505618,0.14232209737827714,2.292134831460674,0.3037542662116041,0.8576779026217228,0.14232209737827714,1599.0,891.0,644.0,3497.0,2490.0,1007.0,32.0,26.0,22.0,22.0,,22.0,4.0
76.0,0.8559984507706465,0.927817584532094,0.9980207,0.9972581466666667,1.6666666666666667,1.6666666666666667,1.0,1.6666666666666667,1.6666666666666667,1.6666666666666667,1.6666666666666667,2.0,2.3333333333333335,3252.0,8888.0,5.466174661746617,0.0016813825474458989,0.001952726050273522,0.9670447264795967,-0.14056411443101924,0.0,3.0,-0.14056411443101924,10.284111689146396,2.760547539208209,0.0008394871771595945,8888.0,294.0,267.0,1599.0,229.0,38.0,612.0,1893.0,0.9081632653061225,5.438775510204081,1.101123595505618,0.14232209737827714,2.292134831460674,0.3037542662116041,0.8576779026217228,0.14232209737827714,1599.0,891.0,644.0,3497.0,2490.0,1007.0,32.0,26.0,22.0,22.0,,22.0,4.0
77.0,0.6850395281212874,0.7373422334258772,0.9975191066666667,0.9972796433333334,,,,,,,,,,3266.0,8926.0,5.4660134721371705,0.0016741235749271578,0.0019786853318693163,0.9714309590862555,-0.14130362959373088,0.0,3.0,-0.14130362959373088,10.291118280376008,2.7614095024608627,0.0008358679996055033,8926.0,294.0,267.0,1609.0,229.0,38.0,612.0,1903.0,0.9081632653061225,5.4727891156462585,1.101123595505618,0.14232209737827714,2.292134831460674,0.3037542662116041,0.8576779026217228,0.14232209737827714,1609.0,911.0,644.0,3527.0,2520.0,1007.0,33.0,27.0,23.0,23.0,0.0,23.0,4.0
78.0,0.4453104023786228,0.7631707941902217,0.9972111166666666,0.9971450333333335,2.3333333333333335,2.3333333333333335,2.6666666666666665,3.0,3.3333333333333335,2.3333333333333335,2.3333333333333335,2.6666666666666665,2.6666666666666665,3266.0,8926.0,5.4660134721371705,0.0016741235749271578,0.0019786853318693163,0.9714309590862555,-0.14130362959373088,0.0,3.0,-0.14130362959373088,10.291118280376008,2.7614095024608627,0.0008358679996055033,8926.0,294.0,267.0,1609.0,229.0,38.0,612.0,1903.0,0.9081632653061225,5.4727891156462585,1.101123595505618,0.14232209737827714,2.292134831460674,0.3037542662116041,0.8576779026217228,0.14232209737827714,1609.0,911.0,644.0,3527.0,2520.0,1007.0,33.0,27.0,23.0,23.0,,23.0,4.0
79.0,0.6804514249661783,0.7826070305186312,0.99632953,0.9964795,,,,,,,,,,3266.0,8926.0,5.4660134721371705,0.0016741235749271578,0.0019786853318693163,0.9714309590862555,-0.14130362959373088,0.0,3.0,-0.14130362959373088,10.291118280376008,2.7614095024608627,0.0008358679996055033,8926.0,294.0,267.0,1609.0,229.0,38.0,612.0,1903.0,0.9081632653061225,5.4727891156462585,1.101123595505618,0.14232209737827714,2.292134831460674,0.3037542662116041,0.8576779026217228,0.14232209737827714,1609.0,911.0,644.0,3527.0,2520.0,1007.0,33.0,27.0,23.0,23.0,,23.0,4.0
80.0,0.5487986668902763,0.7186803257511466,0.9969844533333334,0.72024744,2.6666666666666665,3.3333333333333335,1.6666666666666667,1.3333333333333333,2.0,1.6666666666666667,2.3333333333333335,3.3333333333333335,5.0,3266.0,8926.0,5.4660134721371705,0.0016741235749271578,0.0019786853318693163,0.9714309590862555,-0.14130362959373088,0.0,3.0,-0.14130362959373088,10.291118280376008,2.7614095024608627,0.0008358679996055033,8926.0,294.0,267.0,1609.0,229.0,38.0,612.0,1903.0,0.9081632653061225,5.4727891156462585,1.101123595505618,0.14232209737827714,2.292134831460674,0.3037542662116041,0.8576779026217228,0.14232209737827714,1609.0,911.0,644.0,3527.0,2520.0,1007.0,33.0,27.0,23.0,23.0,,23.0,4.0
81.0,0.0,0.35250740247679135,0.6959559266666666,0.9968079233333333,,,,,,,,,,3266.0,8926.0,5.4660134721371705,0.0016741235749271578,0.0019786853318693163,0.9714309590862555,-0.14130362959373088,0.0,3.0,-0.14130362959373088,10.291118280376008,2.7614095024608627,0.0008358679996055033,8926.0,294.0,267.0,1609.0,229.0,38.0,612.0,1903.0,0.9081632653061225,5.4727891156462585,1.101123595505618,0.14232209737827714,2.292134831460674,0.3037542662116041,0.8576779026217228,0.14232209737827714,1609.0,911.0,644.0,3527.0,2520.0,1007.0,33.0,27.0,23.0,23.0,,23.0,4.0
82.0,0.2848939568739977,0.4167801153968005,0.68876493,0.9964365333333333,4.0,3.0,3.0,5.0,5.0,5.0,5.0,5.0,5.0,3266.0,8926.0,5.4660134721371705,0.0016741235749271578,0.0019786853318693163,0.9714309590862555,-0.14130362959373088,0.0,3.0,-0.14130362959373088,10.291118280376008,2.7614095024608627,0.0008358679996055033,8926.0,294.0,267.0,1609.0,229.0,38.0,612.0,1903.0,0.9081632653061225,5.4727891156462585,1.101123595505618,0.14232209737827714,2.292134831460674,0.3037542662116041,0.8576779026217228,0.14232209737827714,1609.0,911.0,644.0,3527.0,2520.0,1007.0,33.0,27.0,23.0,23.0,,23.0,4.0
