Turn,System llh,MLM llh,USR DLcontext,USR DLfact,Overall Human Rating,Interesting,Engaging,Specific,Relevant,Correct,Semantically Appropriate,Understandable,Fluent,Total nodes,Total edges,Average degree,Average degree centrality,Average closeness,Average degree connectivity,Average assortativity,Average node connectivity,Number of components,Number of strong components,Centrality entropy,Closeness entropy,Sparseness,Total classes,Total properties,Average population,Attribute richness,Relationship richness,Total axioms,Total triples,Total world instances,Total statements,Total perspectives,Total mentions,Total conflicts,Total sources,Total interactions,Total utterances,Ratio statement to triples,Ratio perspectives to triples,Ratio conflicts to triples,Ratio perspectives to statements,Ratio mentions to statements,Ratio conflicts to statements,Average perspectives per statement,Average mentions per statement,Average turns per interaction,Average statements per source,Average perspectives per source
0.0,0.199435764060763,0.621266013383865,0.63410676,0.8216932,,,,,,,,,,2.0,1.0,1.0,1.0,0.5,0.0,,1.0,1.0,,1.0,0.0,0.25,0.0,0.0,0.0,0.0,0.0,0.0,1.0,0.0,0.0,0.0,0.0,0.0,0.0,0.0,0.0,0.0,0.0,0.0,0.0,0.0,0.0,0.0,0.0,0.0,0.0,0.0
1.0,0.0,0.209285035729408,0.9960159,0.8094052,,,,,,,,,,4.0,2.0,1.0,0.3333333333333333,0.16666666666666666,0.0,,0.0,2.0,,2.0,1.0,0.125,0.0,0.0,0.0,0.0,0.0,0.0,2.0,0.0,0.0,0.0,0.0,0.0,0.0,0.0,0.0,0.0,0.0,0.0,0.0,0.0,0.0,0.0,0.0,0.0,0.0,0.0
2.0,0.272599825263023,0.579313895106316,0.9971455,0.78078514,,,,,,,,,,4.0,2.0,1.0,0.3333333333333333,0.16666666666666666,0.0,,0.0,2.0,,2.0,1.0,0.125,0.0,0.0,0.0,0.0,0.0,0.0,2.0,0.0,0.0,0.0,0.0,0.0,0.0,,0.0,0.0,0.0,0.0,0.0,0.0,0.0,0.0,0.0,0.0,0.0,0.0
3.0,0.0,0.182888120412827,0.9937756,0.7388731,,,,,,,,,,82.0,116.0,2.8292682926829267,0.03492923818127071,0.02713579687084127,0.32592915214866436,-0.3276885727677965,0.0,1.0,-0.3276885727677965,5.8554782081568675,6.063817707043821,0.017251635930993457,0.0,0.0,0.0,0.0,0.0,0.0,116.0,5.0,3.0,1.0,1.0,0.0,2.0,0.0,1.0,0.02586206896551724,0.008620689655172414,0.0,0.3333333333333333,0.3333333333333333,0.0,1.0,1.0,1.0,1.0,1.0
4.0,0.500909385936601,0.558805322008474,0.99423313,0.67165416,4.0,1.0,3.5,1.0,4.0,4.0,4.5,5.0,5.0,82.0,116.0,2.8292682926829267,0.03492923818127071,0.02713579687084127,0.32592915214866436,-0.3276885727677965,0.0,1.0,-0.3276885727677965,5.8554782081568675,6.063817707043821,0.017251635930993457,0.0,0.0,0.0,0.0,0.0,0.0,116.0,5.0,3.0,1.0,1.0,0.0,2.0,,1.0,0.02586206896551724,0.008620689655172414,0.0,0.3333333333333333,0.3333333333333333,0.0,1.0,1.0,1.0,1.0,1.0
5.0,0.298143178224564,0.366877216100693,0.94548583,0.049294196,4.0,1.0,3.5,1.0,4.0,4.0,4.5,5.0,5.0,104.0,166.0,3.1923076923076925,0.030993278566094094,0.026725680830153548,0.4338598901098901,-0.3050087042855679,0.0,1.0,-0.3050087042855679,6.1991518362191265,6.336575700941596,0.015347633136094675,0.0,0.0,0.0,0.0,0.0,0.0,166.0,7.0,4.0,2.0,2.0,0.0,2.0,0.0,2.0,0.024096385542168676,0.012048192771084338,0.0,0.5,0.5,0.0,1.0,1.0,2.0,2.0,2.0
6.0,0.42015384323895,0.717368066310883,0.99839383,0.36748555,3.0,2.0,1.5,2.5,2.0,2.5,3.0,4.0,3.0,104.0,166.0,3.1923076923076925,0.030993278566094094,0.026725680830153548,0.4338598901098901,-0.3050087042855679,0.0,1.0,-0.3050087042855679,6.1991518362191265,6.336575700941596,0.015347633136094675,0.0,0.0,0.0,0.0,0.0,0.0,166.0,7.0,4.0,2.0,2.0,0.0,2.0,,2.0,0.024096385542168676,0.012048192771084338,0.0,0.5,0.5,0.0,1.0,1.0,2.0,2.0,2.0
7.0,0.281269639730454,0.641662120819092,0.9886063,0.48236087,3.0,2.0,1.5,2.5,2.0,2.5,3.0,4.0,3.0,104.0,166.0,3.1923076923076925,0.030993278566094094,0.026725680830153548,0.4338598901098901,-0.3050087042855679,0.0,1.0,-0.3050087042855679,6.1991518362191265,6.336575700941596,0.015347633136094675,0.0,0.0,0.0,0.0,0.0,0.0,166.0,7.0,4.0,2.0,2.0,0.0,2.0,,2.0,0.024096385542168676,0.012048192771084338,0.0,0.5,0.5,0.0,1.0,1.0,2.0,2.0,2.0
8.0,0.66899877289931,0.797395447889964,0.99582034,0.45002386,4.0,3.0,3.5,4.0,4.0,5.0,4.0,5.0,5.0,104.0,166.0,3.1923076923076925,0.030993278566094094,0.026725680830153548,0.4338598901098901,-0.3050087042855679,0.0,1.0,-0.3050087042855679,6.1991518362191265,6.336575700941596,0.015347633136094675,0.0,0.0,0.0,0.0,0.0,0.0,166.0,7.0,4.0,2.0,2.0,0.0,2.0,,2.0,0.024096385542168676,0.012048192771084338,0.0,0.5,0.5,0.0,1.0,1.0,2.0,2.0,2.0
9.0,0.230007909005508,0.643417179584503,0.9964326,0.45520365,4.0,3.0,3.5,4.0,4.0,5.0,4.0,5.0,5.0,104.0,166.0,3.1923076923076925,0.030993278566094094,0.026725680830153548,0.4338598901098901,-0.3050087042855679,0.0,1.0,-0.3050087042855679,6.1991518362191265,6.336575700941596,0.015347633136094675,0.0,0.0,0.0,0.0,0.0,0.0,166.0,7.0,4.0,2.0,2.0,0.0,2.0,,2.0,0.024096385542168676,0.012048192771084338,0.0,0.5,0.5,0.0,1.0,1.0,2.0,2.0,2.0
10.0,0.41152306326798,0.597236309200525,0.99841577,0.52303344,3.0,1.5,1.5,2.0,1.5,4.0,4.0,4.0,3.5,104.0,166.0,3.1923076923076925,0.030993278566094094,0.026725680830153548,0.4338598901098901,-0.3050087042855679,0.0,1.0,-0.3050087042855679,6.1991518362191265,6.336575700941596,0.015347633136094675,0.0,0.0,0.0,0.0,0.0,0.0,166.0,7.0,4.0,2.0,2.0,0.0,2.0,,2.0,0.024096385542168676,0.012048192771084338,0.0,0.5,0.5,0.0,1.0,1.0,2.0,2.0,2.0
11.0,0.0021760875824838,0.493486531078815,0.11291801,0.31986788,3.0,1.5,1.5,2.0,1.5,4.0,4.0,4.0,3.5,121.0,207.0,3.4214876033057853,0.028512396694214886,0.026805545710663375,0.5217827626918536,-0.26085863969782763,0.0,1.0,-0.26085863969782763,6.387342753581067,6.48713967212938,0.014138378526056964,0.0,0.0,0.0,0.0,0.0,0.0,207.0,9.0,5.0,3.0,3.0,0.0,2.0,0.0,3.0,0.024154589371980676,0.014492753623188406,0.0,0.6,0.6,0.0,1.0,1.0,3.0,3.0,3.0
12.0,0.217022245882877,0.51811943096774,0.9984197,0.88795274,1.5,1.0,2.0,2.0,2.0,2.0,2.0,1.5,1.5,121.0,207.0,3.4214876033057853,0.028512396694214886,0.026805545710663375,0.5217827626918536,-0.26085863969782763,0.0,1.0,-0.26085863969782763,6.387342753581067,6.48713967212938,0.014138378526056964,0.0,0.0,0.0,0.0,0.0,0.0,207.0,9.0,5.0,3.0,3.0,0.0,2.0,,3.0,0.024154589371980676,0.014492753623188406,0.0,0.6,0.6,0.0,1.0,1.0,3.0,3.0,3.0
13.0,0.321189075708389,0.365206708510717,0.99807125,0.748108,1.5,1.0,2.0,2.0,2.0,2.0,2.0,1.5,1.5,138.0,248.0,3.5942028985507246,0.026235057653654924,0.026054943976955708,0.5868012422360248,-0.2340587656803393,0.0,1.0,-0.2340587656803393,6.547805685753695,6.601635142643819,0.013022474270111321,0.0,0.0,0.0,0.0,0.0,0.0,248.0,11.0,6.0,4.0,4.0,0.0,2.0,0.0,4.0,0.024193548387096774,0.016129032258064516,0.0,0.6666666666666666,0.6666666666666666,0.0,1.0,1.0,4.0,4.0,4.0
14.0,0.331007169559598,0.658379507251084,0.9984194,0.005468356,1.5,1.0,2.0,2.0,2.0,1.5,2.0,1.5,1.5,138.0,248.0,3.5942028985507246,0.026235057653654924,0.026054943976955708,0.5868012422360248,-0.2340587656803393,0.0,1.0,-0.2340587656803393,6.547805685753695,6.601635142643819,0.013022474270111321,0.0,0.0,0.0,0.0,0.0,0.0,248.0,11.0,6.0,4.0,4.0,0.0,2.0,,4.0,0.024193548387096774,0.016129032258064516,0.0,0.6666666666666666,0.6666666666666666,0.0,1.0,1.0,4.0,4.0,4.0
15.0,0.0,0.149790513018767,0.99783456,0.113724045,1.5,1.0,2.0,2.0,2.0,1.5,2.0,1.5,1.5,138.0,248.0,3.5942028985507246,0.026235057653654924,0.026054943976955708,0.5868012422360248,-0.2340587656803393,0.0,1.0,-0.2340587656803393,6.547805685753695,6.601635142643819,0.013022474270111321,0.0,0.0,0.0,0.0,0.0,0.0,248.0,11.0,6.0,4.0,4.0,0.0,2.0,,4.0,0.024193548387096774,0.016129032258064516,0.0,0.6666666666666666,0.6666666666666666,0.0,1.0,1.0,4.0,4.0,4.0
16.0,0.506954121589661,0.658192196488381,0.9956576,0.6555565,3.0,1.5,3.0,1.0,4.0,4.0,3.5,5.0,4.5,138.0,248.0,3.5942028985507246,0.026235057653654924,0.026054943976955708,0.5868012422360248,-0.2340587656803393,0.0,1.0,-0.2340587656803393,6.547805685753695,6.601635142643819,0.013022474270111321,0.0,0.0,0.0,0.0,0.0,0.0,248.0,11.0,6.0,4.0,4.0,0.0,2.0,,4.0,0.024193548387096774,0.016129032258064516,0.0,0.6666666666666666,0.6666666666666666,0.0,1.0,1.0,4.0,4.0,4.0
17.0,0.24863327620551,0.403650067746639,0.9952323,0.4540729,3.0,1.5,3.0,1.0,4.0,4.0,3.5,5.0,4.5,155.0,289.0,3.729032258064516,0.02421449518223712,0.02496477306553335,0.6361034306195598,-0.2213673079101789,0.0,1.0,-0.2213673079101789,6.687750822227004,6.695208933683741,0.012029136316337148,0.0,0.0,0.0,0.0,0.0,0.0,289.0,13.0,7.0,5.0,5.0,0.0,2.0,0.0,5.0,0.02422145328719723,0.01730103806228374,0.0,0.7142857142857143,0.7142857142857143,0.0,1.0,1.0,5.0,5.0,5.0
18.0,0.450401946087368,0.746962281564871,0.49071136,0.14939098,2.0,1.5,2.0,2.5,2.5,2.0,2.5,3.0,3.5,155.0,289.0,3.729032258064516,0.02421449518223712,0.02496477306553335,0.6361034306195598,-0.2213673079101789,0.0,1.0,-0.2213673079101789,6.687750822227004,6.695208933683741,0.012029136316337148,0.0,0.0,0.0,0.0,0.0,0.0,289.0,13.0,7.0,5.0,5.0,0.0,2.0,,5.0,0.02422145328719723,0.01730103806228374,0.0,0.7142857142857143,0.7142857142857143,0.0,1.0,1.0,5.0,5.0,5.0
19.0,0.0,0.141414374113083,0.99472815,0.9970971,2.0,1.5,2.0,2.5,2.5,2.0,2.5,3.0,3.5,173.0,334.0,3.861271676300578,0.022449253931980107,0.023581711466244073,0.6680291769887146,-0.21634940710110442,0.0,1.0,-0.21634940710110442,6.832198850612901,6.788007773665077,0.011159744729192423,0.0,0.0,0.0,0.0,0.0,0.0,334.0,15.0,8.0,6.0,6.0,0.0,2.0,0.0,6.0,0.023952095808383235,0.017964071856287425,0.0,0.75,0.75,0.0,1.0,1.0,6.0,6.0,6.0
20.0,0.243100617613111,0.455921385969435,0.98876435,0.996395,2.5,2.5,2.5,3.0,2.5,1.5,3.0,2.5,2.5,173.0,334.0,3.861271676300578,0.022449253931980107,0.023581711466244073,0.6680291769887146,-0.21634940710110442,0.0,1.0,-0.21634940710110442,6.832198850612901,6.788007773665077,0.011159744729192423,0.0,0.0,0.0,0.0,0.0,0.0,334.0,15.0,8.0,6.0,6.0,0.0,2.0,,6.0,0.023952095808383235,0.017964071856287425,0.0,0.75,0.75,0.0,1.0,1.0,6.0,6.0,6.0
21.0,0.181200500577688,0.364119570702314,0.99244267,0.9955518,2.5,2.5,2.5,3.0,2.5,1.5,3.0,2.5,2.5,187.0,373.0,3.9893048128342246,0.02144787533781841,0.023354613707312007,0.7019318471190129,-0.21242173875254994,0.0,1.0,-0.21242173875254994,6.921202293015203,6.8731260337171065,0.01066659040864766,0.0,0.0,0.0,0.0,0.0,0.0,373.0,16.0,9.0,7.0,7.0,0.0,2.0,0.0,7.0,0.024128686327077747,0.01876675603217158,0.0,0.7777777777777778,0.7777777777777778,0.0,1.0,1.0,7.0,7.0,7.0
22.0,0.233503670073473,0.512561332147855,0.7466932,0.98221546,2.5,3.5,3.0,3.0,3.0,2.5,3.0,2.5,3.0,187.0,373.0,3.9893048128342246,0.02144787533781841,0.023354613707312007,0.7019318471190129,-0.21242173875254994,0.0,1.0,-0.21242173875254994,6.921202293015203,6.8731260337171065,0.01066659040864766,0.0,0.0,0.0,0.0,0.0,0.0,373.0,16.0,9.0,7.0,7.0,0.0,2.0,,7.0,0.024128686327077747,0.01876675603217158,0.0,0.7777777777777778,0.7777777777777778,0.0,1.0,1.0,7.0,7.0,7.0
23.0,0.758183091878891,0.758183091878891,0.9982737,0.6681979,2.5,3.5,3.0,3.0,3.0,2.5,3.0,2.5,3.0,203.0,414.0,4.078817733990148,0.020192166999951227,0.022601109357262048,0.7293572601454376,-0.20886094668396674,0.0,1.0,-0.20886094668396674,7.020362782528832,6.965821102543565,0.0100463490984979,0.0,0.0,0.0,0.0,0.0,0.0,414.0,17.0,10.0,8.0,8.0,0.0,2.0,0.0,8.0,0.024154589371980676,0.01932367149758454,0.0,0.8,0.8,0.0,1.0,1.0,8.0,8.0,8.0
24.0,0.582626084582164,0.722830955798809,0.99679625,0.59915984,2.5,3.0,4.0,1.0,1.5,2.0,3.5,5.0,4.5,203.0,414.0,4.078817733990148,0.020192166999951227,0.022601109357262048,0.7293572601454376,-0.20886094668396674,0.0,1.0,-0.20886094668396674,7.020362782528832,6.965821102543565,0.0100463490984979,0.0,0.0,0.0,0.0,0.0,0.0,414.0,17.0,10.0,8.0,8.0,0.0,2.0,,8.0,0.024154589371980676,0.01932367149758454,0.0,0.8,0.8,0.0,1.0,1.0,8.0,8.0,8.0
25.0,0.214512097835541,0.477134993672371,0.9977328,0.9961503,2.5,3.0,4.0,1.0,1.5,2.0,3.5,5.0,4.5,203.0,414.0,4.078817733990148,0.020192166999951227,0.022601109357262048,0.7293572601454376,-0.20886094668396674,0.0,1.0,-0.20886094668396674,7.020362782528832,6.965821102543565,0.0100463490984979,0.0,0.0,0.0,0.0,0.0,0.0,414.0,17.0,10.0,8.0,8.0,0.0,2.0,,8.0,0.024154589371980676,0.01932367149758454,0.0,0.8,0.8,0.0,1.0,1.0,8.0,8.0,8.0
26.0,0.449189742162292,0.626345109726701,0.99843735,0.99715877,3.5,4.0,3.0,3.5,4.0,4.5,4.0,4.0,3.5,203.0,414.0,4.078817733990148,0.020192166999951227,0.022601109357262048,0.7293572601454376,-0.20886094668396674,0.0,1.0,-0.20886094668396674,7.020362782528832,6.965821102543565,0.0100463490984979,0.0,0.0,0.0,0.0,0.0,0.0,414.0,17.0,10.0,8.0,8.0,0.0,2.0,,8.0,0.024154589371980676,0.01932367149758454,0.0,0.8,0.8,0.0,1.0,1.0,8.0,8.0,8.0
27.0,0.396023763902485,0.527408143877983,0.99826837,0.9970797,3.5,4.0,3.0,3.5,4.0,4.5,4.0,4.0,3.5,220.0,456.0,4.1454545454545455,0.018929016189290156,0.021392080458119068,0.7492932067932068,-0.20767610647617016,0.0,1.0,-0.20767610647617016,7.114744268228816,7.021055179443147,0.009421487603305785,0.0,0.0,0.0,0.0,0.0,0.0,456.0,19.0,11.0,9.0,9.0,0.0,2.0,0.0,9.0,0.02412280701754386,0.019736842105263157,0.0,0.8181818181818182,0.8181818181818182,0.0,1.0,1.0,9.0,9.0,9.0
28.0,0.402131285518408,0.644529935311187,0.99824536,0.9970566,2.5,2.5,3.0,2.0,1.5,2.0,2.0,2.5,2.0,220.0,456.0,4.1454545454545455,0.018929016189290156,0.021392080458119068,0.7492932067932068,-0.20767610647617016,0.0,1.0,-0.20767610647617016,7.114744268228816,7.021055179443147,0.009421487603305785,0.0,0.0,0.0,0.0,0.0,0.0,456.0,19.0,11.0,9.0,9.0,0.0,2.0,,9.0,0.02412280701754386,0.019736842105263157,0.0,0.8181818181818182,0.8181818181818182,0.0,1.0,1.0,9.0,9.0,9.0
29.0,0.514508783817291,0.685437154769897,0.99795586,0.9972548,2.5,2.5,3.0,2.0,1.5,2.0,2.0,2.5,2.0,236.0,498.0,4.220338983050848,0.017958889289578076,0.02045762028600437,0.7694612590799031,-0.20790774659361033,0.0,1.0,-0.20790774659361033,7.198676537232094,7.0642357110529055,0.008941396150531456,0.0,0.0,0.0,0.0,0.0,0.0,498.0,21.0,12.0,10.0,10.0,0.0,2.0,0.0,10.0,0.024096385542168676,0.020080321285140562,0.0,0.8333333333333334,0.8333333333333334,0.0,1.0,1.0,10.0,10.0,10.0
30.0,0.455476053059101,0.703527863137424,0.9981158,0.99711215,2.5,3.0,2.5,2.5,2.0,2.0,2.5,3.0,1.5,236.0,498.0,4.220338983050848,0.017958889289578076,0.02045762028600437,0.7694612590799031,-0.20790774659361033,0.0,1.0,-0.20790774659361033,7.198676537232094,7.0642357110529055,0.008941396150531456,0.0,0.0,0.0,0.0,0.0,0.0,498.0,21.0,12.0,10.0,10.0,0.0,2.0,,10.0,0.024096385542168676,0.020080321285140562,0.0,0.8333333333333334,0.8333333333333334,0.0,1.0,1.0,10.0,10.0,10.0
31.0,0.49724751498018,0.644782794373376,0.9971662,0.990365,2.5,3.0,2.5,2.5,2.0,2.0,2.5,3.0,1.5,250.0,537.0,4.296,0.01725301204819277,0.02045836711805705,0.7896142857142857,-0.209237669627231,0.0,1.0,-0.209237669627231,7.2618876765419955,7.146096333283477,0.008592,0.0,0.0,0.0,0.0,0.0,0.0,537.0,22.0,13.0,11.0,11.0,0.0,2.0,0.0,11.0,0.024208566108007448,0.020484171322160148,0.0,0.8461538461538461,0.8461538461538461,0.0,1.0,1.0,11.0,11.0,11.0
32.0,0.228203083787646,0.385131760367325,0.99755615,0.1815395,2.5,3.0,3.5,3.5,2.5,2.5,3.0,3.5,2.5,250.0,537.0,4.296,0.01725301204819277,0.02045836711805705,0.7896142857142857,-0.209237669627231,0.0,1.0,-0.209237669627231,7.2618876765419955,7.146096333283477,0.008592,0.0,0.0,0.0,0.0,0.0,0.0,537.0,22.0,13.0,11.0,11.0,0.0,2.0,,11.0,0.024208566108007448,0.020484171322160148,0.0,0.8461538461538461,0.8461538461538461,0.0,1.0,1.0,11.0,11.0,11.0
33.0,0.173236500006169,0.56416991725564,0.34953612,0.9945459,2.5,3.0,3.5,3.5,2.5,2.5,3.0,3.5,2.5,266.0,578.0,4.345864661654136,0.01639948928926089,0.019509372653208363,0.8068877551020407,-0.21012432203343023,0.0,1.0,-0.21012432203343023,7.333816285534579,7.182776950216571,0.008168918536943863,0.0,0.0,0.0,0.0,0.0,0.0,578.0,24.0,14.0,12.0,12.0,0.0,2.0,0.0,12.0,0.02422145328719723,0.020761245674740483,0.0,0.8571428571428571,0.8571428571428571,0.0,1.0,1.0,12.0,12.0,12.0
34.0,0.46814044068257,0.629404293994109,0.38834554,0.99477136,2.0,3.0,3.5,3.0,2.0,2.0,2.0,2.5,2.0,266.0,578.0,4.345864661654136,0.01639948928926089,0.019509372653208363,0.8068877551020407,-0.21012432203343023,0.0,1.0,-0.21012432203343023,7.333816285534579,7.182776950216571,0.008168918536943863,0.0,0.0,0.0,0.0,0.0,0.0,578.0,24.0,14.0,12.0,12.0,0.0,2.0,,12.0,0.02422145328719723,0.020761245674740483,0.0,0.8571428571428571,0.8571428571428571,0.0,1.0,1.0,12.0,12.0,12.0
35.0,0.597260758280754,0.823208391666412,0.99740255,0.99682426,2.0,3.0,3.5,3.0,2.0,2.0,2.0,2.5,2.0,266.0,578.0,4.345864661654136,0.01639948928926089,0.019509372653208363,0.8068877551020407,-0.21012432203343023,0.0,1.0,-0.21012432203343023,7.333816285534579,7.182776950216571,0.008168918536943863,0.0,0.0,0.0,0.0,0.0,0.0,578.0,24.0,14.0,12.0,12.0,0.0,2.0,,12.0,0.02422145328719723,0.020761245674740483,0.0,0.8571428571428571,0.8571428571428571,0.0,1.0,1.0,12.0,12.0,12.0
36.0,0.530527632062634,0.626697545250257,0.99828786,0.9969702,2.0,3.5,3.0,2.5,3.5,3.5,3.5,3.5,2.5,266.0,578.0,4.345864661654136,0.01639948928926089,0.019509372653208363,0.8068877551020407,-0.21012432203343023,0.0,1.0,-0.21012432203343023,7.333816285534579,7.182776950216571,0.008168918536943863,0.0,0.0,0.0,0.0,0.0,0.0,578.0,24.0,14.0,12.0,12.0,0.0,2.0,,12.0,0.02422145328719723,0.020761245674740483,0.0,0.8571428571428571,0.8571428571428571,0.0,1.0,1.0,12.0,12.0,12.0
37.0,0.0183471776545048,0.338000462949276,0.997809,0.99717283,2.0,3.5,3.0,2.5,3.5,3.5,3.5,3.5,2.5,266.0,578.0,4.345864661654136,0.01639948928926089,0.019509372653208363,0.8068877551020407,-0.21012432203343023,0.0,1.0,-0.21012432203343023,7.333816285534579,7.182776950216571,0.008168918536943863,0.0,0.0,0.0,0.0,0.0,0.0,578.0,24.0,14.0,12.0,12.0,0.0,2.0,,12.0,0.02422145328719723,0.020761245674740483,0.0,0.8571428571428571,0.8571428571428571,0.0,1.0,1.0,12.0,12.0,12.0
38.0,0.358394090618406,0.551118116293635,0.9961399,0.99724704,3.0,2.0,1.5,2.0,3.5,4.0,3.5,4.5,4.0,266.0,578.0,4.345864661654136,0.01639948928926089,0.019509372653208363,0.8068877551020407,-0.21012432203343023,0.0,1.0,-0.21012432203343023,7.333816285534579,7.182776950216571,0.008168918536943863,0.0,0.0,0.0,0.0,0.0,0.0,578.0,24.0,14.0,12.0,12.0,0.0,2.0,,12.0,0.02422145328719723,0.020761245674740483,0.0,0.8571428571428571,0.8571428571428571,0.0,1.0,1.0,12.0,12.0,12.0
39.0,0.154498711228371,0.599258251488209,0.9926416,0.99622154,3.0,2.0,1.5,2.0,3.5,4.0,3.5,4.5,4.0,266.0,578.0,4.345864661654136,0.01639948928926089,0.019509372653208363,0.8068877551020407,-0.21012432203343023,0.0,1.0,-0.21012432203343023,7.333816285534579,7.182776950216571,0.008168918536943863,0.0,0.0,0.0,0.0,0.0,0.0,578.0,24.0,14.0,12.0,12.0,0.0,2.0,,12.0,0.02422145328719723,0.020761245674740483,0.0,0.8571428571428571,0.8571428571428571,0.0,1.0,1.0,12.0,12.0,12.0
40.0,0.40505439043045,0.569147557020187,0.99329776,0.99227345,3.0,1.5,1.5,2.0,3.5,4.0,4.0,5.0,5.0,266.0,578.0,4.345864661654136,0.01639948928926089,0.019509372653208363,0.8068877551020407,-0.21012432203343023,0.0,1.0,-0.21012432203343023,7.333816285534579,7.182776950216571,0.008168918536943863,0.0,0.0,0.0,0.0,0.0,0.0,578.0,24.0,14.0,12.0,12.0,0.0,2.0,,12.0,0.02422145328719723,0.020761245674740483,0.0,0.8571428571428571,0.8571428571428571,0.0,1.0,1.0,12.0,12.0,12.0
41.0,0.15095143020153,0.354823188856244,0.9982929,0.99539304,3.0,1.5,1.5,2.0,3.5,4.0,4.0,5.0,5.0,278.0,614.0,4.41726618705036,0.015946809339531985,0.019542996040913314,0.8252763335550047,-0.21037458224756214,0.0,1.0,-0.21037458224756214,7.381961869226589,7.269101656433893,0.007944723358004243,0.0,0.0,0.0,0.0,0.0,0.0,614.0,24.0,15.0,13.0,13.0,0.0,2.0,0.0,13.0,0.024429967426710098,0.021172638436482084,0.0,0.8666666666666667,0.8666666666666667,0.0,1.0,1.0,13.0,13.0,13.0
42.0,0.579836459830403,0.814565440018972,0.99825644,0.996753,4.0,3.5,3.5,4.0,4.5,4.5,4.5,5.0,5.0,278.0,614.0,4.41726618705036,0.015946809339531985,0.019542996040913314,0.8252763335550047,-0.21037458224756214,0.0,1.0,-0.21037458224756214,7.381961869226589,7.269101656433893,0.007944723358004243,0.0,0.0,0.0,0.0,0.0,0.0,614.0,24.0,15.0,13.0,13.0,0.0,2.0,,13.0,0.024429967426710098,0.021172638436482084,0.0,0.8666666666666667,0.8666666666666667,0.0,1.0,1.0,13.0,13.0,13.0
43.0,0.496833508213361,0.594979777932167,0.99797046,0.9966539,4.0,3.5,3.5,4.0,4.5,4.5,4.5,5.0,5.0,292.0,653.0,4.472602739726027,0.015369768865037894,0.01949830115028765,0.8392585344640139,-0.2106832727035419,0.0,1.0,-0.2106832727035419,7.43781148326814,7.345547607431458,0.007658566335147307,0.0,0.0,0.0,0.0,0.0,0.0,653.0,25.0,16.0,14.0,14.0,0.0,2.0,0.0,14.0,0.02450229709035222,0.021439509954058193,0.0,0.875,0.875,0.0,1.0,1.0,14.0,14.0,14.0
44.0,0.338091953572902,0.690537023273381,0.9978599,0.9966449,2.5,2.0,2.0,2.5,3.0,2.5,2.5,2.5,2.5,292.0,653.0,4.472602739726027,0.015369768865037894,0.01949830115028765,0.8392585344640139,-0.2106832727035419,0.0,1.0,-0.2106832727035419,7.43781148326814,7.345547607431458,0.007658566335147307,0.0,0.0,0.0,0.0,0.0,0.0,653.0,25.0,16.0,14.0,14.0,0.0,2.0,,14.0,0.02450229709035222,0.021439509954058193,0.0,0.875,0.875,0.0,1.0,1.0,14.0,14.0,14.0
45.0,0.385020358860493,0.587100607156754,0.99816966,0.99691135,2.5,2.0,2.0,2.5,3.0,2.5,2.5,2.5,2.5,308.0,695.0,4.512987012987013,0.014700283429925125,0.018619895192246008,0.849704618689581,-0.21027918379852292,0.0,1.0,-0.21027918379852292,7.501390038344326,7.375338951368176,0.00732627761848541,0.0,0.0,0.0,0.0,0.0,0.0,695.0,27.0,17.0,15.0,15.0,0.0,2.0,0.0,15.0,0.02446043165467626,0.02158273381294964,0.0,0.8823529411764706,0.8823529411764706,0.0,1.0,1.0,15.0,15.0,15.0
46.0,0.554512513180574,0.632509857416153,0.99809474,0.9966927,2.5,2.5,2.5,2.0,3.0,2.5,3.0,2.5,2.5,308.0,695.0,4.512987012987013,0.014700283429925125,0.018619895192246008,0.849704618689581,-0.21027918379852292,0.0,1.0,-0.21027918379852292,7.501390038344326,7.375338951368176,0.00732627761848541,0.0,0.0,0.0,0.0,0.0,0.0,695.0,27.0,17.0,15.0,15.0,0.0,2.0,,15.0,0.02446043165467626,0.02158273381294964,0.0,0.8823529411764706,0.8823529411764706,0.0,1.0,1.0,15.0,15.0,15.0
47.0,0.0620477199554443,0.365623151262601,0.99765474,0.997861,2.5,2.5,2.5,2.0,3.0,2.5,3.0,2.5,2.5,322.0,734.0,4.559006211180124,0.014202511561308796,0.0186739804869241,0.8618566992014196,-0.21119322394320156,0.0,1.0,-0.21119322394320156,7.551420937969272,7.451819245794601,0.007079202191273485,0.0,0.0,0.0,0.0,0.0,0.0,734.0,28.0,18.0,16.0,16.0,0.0,2.0,0.0,16.0,0.02452316076294278,0.021798365122615803,0.0,0.8888888888888888,0.8888888888888888,0.0,1.0,1.0,16.0,16.0,16.0
48.0,0.140436764274325,0.442419107471194,0.9977228,0.9903363,3.5,3.0,4.0,3.5,1.5,3.5,3.5,5.0,4.0,322.0,734.0,4.559006211180124,0.014202511561308796,0.0186739804869241,0.8618566992014196,-0.21119322394320156,0.0,1.0,-0.21119322394320156,7.551420937969272,7.451819245794601,0.007079202191273485,0.0,0.0,0.0,0.0,0.0,0.0,734.0,28.0,18.0,16.0,16.0,0.0,2.0,,16.0,0.02452316076294278,0.021798365122615803,0.0,0.8888888888888888,0.8888888888888888,0.0,1.0,1.0,16.0,16.0,16.0
49.0,0.614772692322731,0.632665760815144,0.9977474,0.99255455,3.5,3.0,4.0,3.5,1.5,3.5,3.5,5.0,4.0,336.0,772.0,4.595238095238095,0.013717128642501778,0.018830900863294822,0.8756200396825397,-0.21288634293884154,0.0,1.0,-0.21288634293884154,7.5963806150017295,7.527177865773758,0.006838151927437642,0.0,0.0,0.0,0.0,0.0,0.0,772.0,29.0,19.0,17.0,17.0,0.0,2.0,0.0,17.0,0.02461139896373057,0.022020725388601035,0.0,0.8947368421052632,0.8947368421052632,0.0,1.0,1.0,17.0,17.0,17.0
50.0,0.256928879956138,0.507788444292687,0.9923246,0.9956116,2.5,4.0,3.0,3.5,3.0,2.0,2.5,3.5,2.5,336.0,772.0,4.595238095238095,0.013717128642501778,0.018830900863294822,0.8756200396825397,-0.21288634293884154,0.0,1.0,-0.21288634293884154,7.5963806150017295,7.527177865773758,0.006838151927437642,0.0,0.0,0.0,0.0,0.0,0.0,772.0,29.0,19.0,17.0,17.0,0.0,2.0,,17.0,0.02461139896373057,0.022020725388601035,0.0,0.8947368421052632,0.8947368421052632,0.0,1.0,1.0,17.0,17.0,17.0
51.0,0.244621629826725,0.464912336319685,0.9971261,0.9962933,2.5,4.0,3.0,3.5,3.0,2.0,2.5,3.5,2.5,350.0,811.0,4.634285714285714,0.013278755628325829,0.018729396488003817,0.8838947639661925,-0.21376266312280653,0.0,1.0,-0.21376266312280653,7.641654031623144,7.5926494973535865,0.006620408163265306,0.0,0.0,0.0,0.0,0.0,0.0,811.0,30.0,20.0,18.0,18.0,0.0,2.0,0.0,18.0,0.02466091245376079,0.02219482120838471,0.0,0.9,0.9,0.0,1.0,1.0,18.0,18.0,18.0
52.0,0.446691731160337,0.689999301325191,0.99549246,0.99340475,3.5,3.0,4.0,3.5,4.0,2.5,4.5,5.0,4.0,350.0,811.0,4.634285714285714,0.013278755628325829,0.018729396488003817,0.8838947639661925,-0.21376266312280653,0.0,1.0,-0.21376266312280653,7.641654031623144,7.5926494973535865,0.006620408163265306,0.0,0.0,0.0,0.0,0.0,0.0,811.0,30.0,20.0,18.0,18.0,0.0,2.0,,18.0,0.02466091245376079,0.02219482120838471,0.0,0.9,0.9,0.0,1.0,1.0,18.0,18.0,18.0
53.0,0.518158435821533,0.606004993120829,0.9968917,0.62221134,3.5,3.0,4.0,3.5,4.0,2.5,4.5,5.0,4.0,350.0,811.0,4.634285714285714,0.013278755628325829,0.018729396488003817,0.8838947639661925,-0.21376266312280653,0.0,1.0,-0.21376266312280653,7.641654031623144,7.5926494973535865,0.006620408163265306,0.0,0.0,0.0,0.0,0.0,0.0,811.0,30.0,20.0,18.0,18.0,0.0,2.0,,18.0,0.02466091245376079,0.02219482120838471,0.0,0.9,0.9,0.0,1.0,1.0,18.0,18.0,18.0
54.0,0.442983565231164,0.577715910971165,0.9971955,0.99583477,3.5,3.5,3.0,4.0,3.0,2.5,3.0,5.0,4.5,350.0,811.0,4.634285714285714,0.013278755628325829,0.018729396488003817,0.8838947639661925,-0.21376266312280653,0.0,1.0,-0.21376266312280653,7.641654031623144,7.5926494973535865,0.006620408163265306,0.0,0.0,0.0,0.0,0.0,0.0,811.0,30.0,20.0,18.0,18.0,0.0,2.0,,18.0,0.02466091245376079,0.02219482120838471,0.0,0.9,0.9,0.0,1.0,1.0,18.0,18.0,18.0
55.0,0.413143891841173,0.472926992923021,0.99851847,0.9951916,3.5,3.5,3.0,4.0,3.0,2.5,3.0,5.0,4.5,364.0,850.0,4.670329670329671,0.012865921956831047,0.01877538136390353,0.8920720454493746,-0.21465071507889524,0.0,1.0,-0.21465071507889524,7.684724501308656,7.6606537819509,0.006415288008694602,0.0,0.0,0.0,0.0,0.0,0.0,850.0,31.0,21.0,19.0,19.0,0.0,2.0,0.0,19.0,0.024705882352941175,0.02235294117647059,0.0,0.9047619047619048,0.9047619047619048,0.0,1.0,1.0,19.0,19.0,19.0
56.0,0.288345505793889,0.59409760683775,0.9977877,0.9971101,2.0,2.5,2.5,3.0,2.0,2.0,2.0,3.0,2.5,364.0,850.0,4.670329670329671,0.012865921956831047,0.01877538136390353,0.8920720454493746,-0.21465071507889524,0.0,1.0,-0.21465071507889524,7.684724501308656,7.6606537819509,0.006415288008694602,0.0,0.0,0.0,0.0,0.0,0.0,850.0,31.0,21.0,19.0,19.0,0.0,2.0,,19.0,0.024705882352941175,0.02235294117647059,0.0,0.9047619047619048,0.9047619047619048,0.0,1.0,1.0,19.0,19.0,19.0
57.0,0.0,0.0594014003872871,0.99724555,0.9970982,2.0,2.5,2.5,3.0,2.0,2.0,2.0,3.0,2.5,364.0,850.0,4.670329670329671,0.012865921956831047,0.01877538136390353,0.8920720454493746,-0.21465071507889524,0.0,1.0,-0.21465071507889524,7.684724501308656,7.6606537819509,0.006415288008694602,0.0,0.0,0.0,0.0,0.0,0.0,850.0,31.0,21.0,19.0,19.0,0.0,2.0,,19.0,0.024705882352941175,0.02235294117647059,0.0,0.9047619047619048,0.9047619047619048,0.0,1.0,1.0,19.0,19.0,19.0
58.0,0.493460360914469,0.757978932424025,0.17479192,0.9971187,2.0,2.5,2.5,3.0,2.0,2.0,2.0,3.0,2.5,364.0,850.0,4.670329670329671,0.012865921956831047,0.01877538136390353,0.8920720454493746,-0.21465071507889524,0.0,1.0,-0.21465071507889524,7.684724501308656,7.6606537819509,0.006415288008694602,0.0,0.0,0.0,0.0,0.0,0.0,850.0,31.0,21.0,19.0,19.0,0.0,2.0,,19.0,0.024705882352941175,0.02235294117647059,0.0,0.9047619047619048,0.9047619047619048,0.0,1.0,1.0,19.0,19.0,19.0
59.0,0.503160090082222,0.654587667849329,0.9971892,0.9971025,2.0,2.5,2.5,3.0,2.0,2.0,2.0,3.0,2.5,364.0,850.0,4.670329670329671,0.012865921956831047,0.01877538136390353,0.8920720454493746,-0.21465071507889524,0.0,1.0,-0.21465071507889524,7.684724501308656,7.6606537819509,0.006415288008694602,0.0,0.0,0.0,0.0,0.0,0.0,850.0,31.0,21.0,19.0,19.0,0.0,2.0,,19.0,0.024705882352941175,0.02235294117647059,0.0,0.9047619047619048,0.9047619047619048,0.0,1.0,1.0,19.0,19.0,19.0
60.0,0.0,0.0767385810613632,0.99780786,0.997048,2.0,2.5,2.5,3.0,2.0,2.0,2.0,3.0,2.5,364.0,850.0,4.670329670329671,0.012865921956831047,0.01877538136390353,0.8920720454493746,-0.21465071507889524,0.0,1.0,-0.21465071507889524,7.684724501308656,7.6606537819509,0.006415288008694602,0.0,0.0,0.0,0.0,0.0,0.0,850.0,31.0,21.0,19.0,19.0,0.0,2.0,,19.0,0.024705882352941175,0.02235294117647059,0.0,0.9047619047619048,0.9047619047619048,0.0,1.0,1.0,19.0,19.0,19.0
61.0,0.216628444939852,0.553866595029831,0.9977234,0.9970477,2.0,2.5,2.5,3.0,2.0,2.0,2.0,3.0,2.5,364.0,850.0,4.670329670329671,0.012865921956831047,0.01877538136390353,0.8920720454493746,-0.21465071507889524,0.0,1.0,-0.21465071507889524,7.684724501308656,7.6606537819509,0.006415288008694602,0.0,0.0,0.0,0.0,0.0,0.0,850.0,31.0,21.0,19.0,19.0,0.0,2.0,,19.0,0.024705882352941175,0.02235294117647059,0.0,0.9047619047619048,0.9047619047619048,0.0,1.0,1.0,19.0,19.0,19.0
62.0,0.0,0.0714331045746803,0.9972641,0.99708194,2.0,2.5,2.5,3.0,2.0,2.0,2.0,3.0,2.5,380.0,899.0,4.731578947368421,0.012484377169837522,0.019856504620919344,0.900905388471178,-0.21770698386901982,0.0,1.0,-0.21770698386901982,7.744547739115887,7.777078790571468,0.006225761772853186,0.0,0.0,0.0,0.0,0.0,0.0,899.0,33.0,23.0,20.0,20.0,0.0,3.0,0.0,20.0,0.025583982202447165,0.02224694104560623,0.0,0.8695652173913043,0.8695652173913043,0.0,1.0,1.0,20.0,10.0,10.0
63.0,0.3554641146745,0.5317844205669,0.99732304,0.99706507,4.0,1.0,3.0,1.0,4.0,5.0,4.0,5.0,5.0,380.0,899.0,4.731578947368421,0.012484377169837522,0.019856504620919344,0.900905388471178,-0.21770698386901982,0.0,1.0,-0.21770698386901982,7.744547739115887,7.777078790571468,0.006225761772853186,0.0,0.0,0.0,0.0,0.0,0.0,899.0,33.0,23.0,20.0,20.0,0.0,3.0,,20.0,0.025583982202447165,0.02224694104560623,0.0,0.8695652173913043,0.8695652173913043,0.0,1.0,1.0,20.0,10.0,10.0
64.0,0.625310242176056,0.704830378293991,0.9963253,0.9971386,4.0,1.0,3.0,1.0,4.0,4.0,4.0,5.0,5.0,394.0,938.0,4.761421319796955,0.01211557587734594,0.0199410872861267,0.9092005076142132,-0.21746919817614524,0.0,1.0,-0.21746919817614524,7.790425184791494,7.843346248454572,0.006042412842381922,0.0,0.0,0.0,0.0,0.0,0.0,938.0,34.0,24.0,21.0,21.0,0.0,3.0,0.0,21.0,0.0255863539445629,0.022388059701492536,0.0,0.875,0.875,0.0,1.0,1.0,21.0,10.5,10.5
65.0,0.324569967249408,0.692840671539307,998.0,0.9971956,3.0,1.0,3.0,2.0,3.0,2.0,2.0,3.0,3.0,394.0,938.0,4.761421319796955,0.01211557587734594,0.0199410872861267,0.9092005076142132,-0.21746919817614524,0.0,1.0,-0.21746919817614524,7.790425184791494,7.843346248454572,0.006042412842381922,0.0,0.0,0.0,0.0,0.0,0.0,938.0,34.0,24.0,21.0,21.0,0.0,3.0,,21.0,0.0255863539445629,0.022388059701492536,0.0,0.875,0.875,0.0,1.0,1.0,21.0,10.5,10.5
66.0,0.0,0.871802806854248,0.9971301,0.9958074,3.0,2.0,2.0,3.0,2.0,2.0,2.0,4.0,3.0,394.0,938.0,4.761421319796955,0.01211557587734594,0.0199410872861267,0.9092005076142132,-0.21746919817614524,0.0,1.0,-0.21746919817614524,7.790425184791494,7.843346248454572,0.006042412842381922,0.0,0.0,0.0,0.0,0.0,0.0,938.0,34.0,24.0,21.0,21.0,0.0,3.0,,21.0,0.0255863539445629,0.022388059701492536,0.0,0.875,0.875,0.0,1.0,1.0,21.0,10.5,10.5
67.0,0.29356167784759,0.464996171849115,0.9972216,0.99660164,2.0,1.0,2.0,1.0,1.0,1.0,2.0,5.0,4.0,394.0,938.0,4.761421319796955,0.01211557587734594,0.0199410872861267,0.9092005076142132,-0.21746919817614524,0.0,1.0,-0.21746919817614524,7.790425184791494,7.843346248454572,0.006042412842381922,0.0,0.0,0.0,0.0,0.0,0.0,938.0,34.0,24.0,21.0,21.0,0.0,3.0,,21.0,0.0255863539445629,0.022388059701492536,0.0,0.875,0.875,0.0,1.0,1.0,21.0,10.5,10.5
68.0,0.236502224206924,0.459540367126465,0.9971532,0.9962802,2.0,1.0,1.0,3.0,2.0,3.0,1.0,4.0,2.0,411.0,979.0,4.763990267639903,0.011619488457658301,0.019457079191645656,0.9132565528550931,-0.2169998367703907,0.0,1.0,-0.2169998367703907,7.8400541220116144,7.877919348261633,0.005795608598102071,0.0,0.0,0.0,0.0,0.0,0.0,979.0,36.0,25.0,22.0,22.0,0.0,3.0,0.0,22.0,0.02553626149131767,0.02247191011235955,0.0,0.88,0.88,0.0,1.0,1.0,22.0,11.0,11.0
69.0,0.484266663139517,0.718329605731097,0.99263144,0.9891341,4.0,1.0,3.0,2.0,3.0,4.0,4.0,4.0,3.0,411.0,979.0,4.763990267639903,0.011619488457658301,0.019457079191645656,0.9132565528550931,-0.2169998367703907,0.0,1.0,-0.2169998367703907,7.8400541220116144,7.877919348261633,0.005795608598102071,0.0,0.0,0.0,0.0,0.0,0.0,979.0,36.0,25.0,22.0,22.0,0.0,3.0,,22.0,0.02553626149131767,0.02247191011235955,0.0,0.88,0.88,0.0,1.0,1.0,22.0,11.0,11.0
70.0,0.595805398809413,0.669505303104719,0.9933899,0.99671733,3.0,2.0,4.0,4.0,5.0,4.0,4.0,5.0,4.0,426.0,1018.0,4.779342723004695,0.01124551228942281,0.019135464469783352,0.9183114116799563,-0.21598578022827913,0.0,1.0,-0.21598578022827913,7.881296684751517,7.9183730126373,0.0056095571866252286,0.0,0.0,0.0,0.0,0.0,0.0,1018.0,37.0,26.0,23.0,23.0,0.0,3.0,0.0,23.0,0.025540275049115914,0.022593320235756387,0.0,0.8846153846153846,0.8846153846153846,0.0,1.0,1.0,23.0,11.5,11.5
71.0,0.380549364619785,0.681185368034575,0.99780226,0.99686843,2.0,1.0,2.0,2.0,3.0,2.0,3.0,2.0,2.0,426.0,1018.0,4.779342723004695,0.01124551228942281,0.019135464469783352,0.9183114116799563,-0.21598578022827913,0.0,1.0,-0.21598578022827913,7.881296684751517,7.9183730126373,0.0056095571866252286,0.0,0.0,0.0,0.0,0.0,0.0,1018.0,37.0,26.0,23.0,23.0,0.0,3.0,,23.0,0.025540275049115914,0.022593320235756387,0.0,0.8846153846153846,0.8846153846153846,0.0,1.0,1.0,23.0,11.5,11.5
72.0,0.257305787876248,0.469398193992674,0.9951303,0.63322586,2.0,1.0,2.0,2.0,2.0,2.0,2.0,2.0,2.0,426.0,1018.0,4.779342723004695,0.01124551228942281,0.019135464469783352,0.9183114116799563,-0.21598578022827913,0.0,1.0,-0.21598578022827913,7.881296684751517,7.9183730126373,0.0056095571866252286,0.0,0.0,0.0,0.0,0.0,0.0,1018.0,37.0,26.0,23.0,23.0,0.0,3.0,,23.0,0.025540275049115914,0.022593320235756387,0.0,0.8846153846153846,0.8846153846153846,0.0,1.0,1.0,23.0,11.5,11.5
73.0,0.293049610619034,0.551600861762251,0.9984018,0.6884888,1.0,1.0,1.0,1.0,3.0,1.0,2.0,1.0,1.0,426.0,1018.0,4.779342723004695,0.01124551228942281,0.019135464469783352,0.9183114116799563,-0.21598578022827913,0.0,1.0,-0.21598578022827913,7.881296684751517,7.9183730126373,0.0056095571866252286,0.0,0.0,0.0,0.0,0.0,0.0,1018.0,37.0,26.0,23.0,23.0,0.0,3.0,,23.0,0.025540275049115914,0.022593320235756387,0.0,0.8846153846153846,0.8846153846153846,0.0,1.0,1.0,23.0,11.5,11.5
74.0,0.129431211948395,0.307388377189636,0.99544287,0.7928042,2.0,1.0,2.0,2.0,2.0,2.0,2.0,2.0,2.0,426.0,1018.0,4.779342723004695,0.01124551228942281,0.019135464469783352,0.9183114116799563,-0.21598578022827913,0.0,1.0,-0.21598578022827913,7.881296684751517,7.9183730126373,0.0056095571866252286,0.0,0.0,0.0,0.0,0.0,0.0,1018.0,37.0,26.0,23.0,23.0,0.0,3.0,,23.0,0.025540275049115914,0.022593320235756387,0.0,0.8846153846153846,0.8846153846153846,0.0,1.0,1.0,23.0,11.5,11.5
75.0,0.579000911460473,0.699117214633868,0.99823135,0.97045773,1.0,1.0,1.0,1.0,2.0,1.0,1.0,1.0,1.0,426.0,1018.0,4.779342723004695,0.01124551228942281,0.019135464469783352,0.9183114116799563,-0.21598578022827913,0.0,1.0,-0.21598578022827913,7.881296684751517,7.9183730126373,0.0056095571866252286,0.0,0.0,0.0,0.0,0.0,0.0,1018.0,37.0,26.0,23.0,23.0,0.0,3.0,,23.0,0.025540275049115914,0.022593320235756387,0.0,0.8846153846153846,0.8846153846153846,0.0,1.0,1.0,23.0,11.5,11.5
76.0,0.360971204936504,0.688174612820149,0.99756306,0.9511645,3.0,2.0,3.0,1.0,3.0,3.0,2.0,5.0,5.0,426.0,1018.0,4.779342723004695,0.01124551228942281,0.019135464469783352,0.9183114116799563,-0.21598578022827913,0.0,1.0,-0.21598578022827913,7.881296684751517,7.9183730126373,0.0056095571866252286,0.0,0.0,0.0,0.0,0.0,0.0,1018.0,37.0,26.0,23.0,23.0,0.0,3.0,,23.0,0.025540275049115914,0.022593320235756387,0.0,0.8846153846153846,0.8846153846153846,0.0,1.0,1.0,23.0,11.5,11.5
77.0,0.359755216964654,0.581449675240687,0.99550056,0.6204392,1.0,1.0,1.0,1.0,5.0,4.0,5.0,5.0,1.0,426.0,1018.0,4.779342723004695,0.01124551228942281,0.019135464469783352,0.9183114116799563,-0.21598578022827913,0.0,1.0,-0.21598578022827913,7.881296684751517,7.9183730126373,0.0056095571866252286,0.0,0.0,0.0,0.0,0.0,0.0,1018.0,37.0,26.0,23.0,23.0,0.0,3.0,,23.0,0.025540275049115914,0.022593320235756387,0.0,0.8846153846153846,0.8846153846153846,0.0,1.0,1.0,23.0,11.5,11.5
78.0,0.682181522250176,0.721668746322393,0.99788296,0.62338734,2.0,1.0,3.0,2.0,2.0,2.0,2.0,3.0,3.0,434.0,1045.0,4.815668202764977,0.011121635572205489,0.020876595294837808,0.9291255211762125,-0.2149759589945964,0.0,1.0,-0.2149759589945964,7.901658040703773,8.007678962886546,0.005548004841895135,0.0,0.0,0.0,0.0,0.0,0.0,1045.0,37.0,26.0,23.0,24.0,0.0,3.0,0.0,24.0,0.024880382775119617,0.02200956937799043,0.0,0.8846153846153846,0.9230769230769231,0.0,1.0,1.0434782608695652,24.0,12.0,12.0
79.0,0.478643740837773,0.762856399019559,0.9982336,0.31056,5.0,3.0,4.0,3.0,5.0,5.0,4.0,5.0,5.0,434.0,1045.0,4.815668202764977,0.011121635572205489,0.020876595294837808,0.9291255211762125,-0.2149759589945964,0.0,1.0,-0.2149759589945964,7.901658040703773,8.007678962886546,0.005548004841895135,0.0,0.0,0.0,0.0,0.0,0.0,1045.0,37.0,26.0,23.0,24.0,0.0,3.0,,24.0,0.024880382775119617,0.02200956937799043,0.0,0.8846153846153846,0.9230769230769231,0.0,1.0,1.0434782608695652,24.0,12.0,12.0
80.0,0.667365159307207,0.766615878258433,0.9951516,0.09907536,4.0,2.0,4.0,4.0,4.0,4.0,4.0,5.0,5.0,449.0,1086.0,4.8374164810690425,0.010797804645243398,0.0207291532907393,0.9361951938443759,-0.21432580036565502,0.0,1.0,-0.21432580036565502,7.94347207553055,8.0347029208705,0.005386878041279557,0.0,0.0,0.0,0.0,0.0,0.0,1086.0,39.0,27.0,24.0,25.0,0.0,3.0,0.0,25.0,0.024861878453038673,0.022099447513812154,0.0,0.8888888888888888,0.9259259259259259,0.0,1.0,1.0416666666666667,25.0,12.5,12.5
81.0,0.302918501757085,0.596048079431057,0.9047075,0.46736044,1.0,1.0,1.0,3.0,1.0,1.0,1.0,1.0,1.0,449.0,1086.0,4.8374164810690425,0.010797804645243398,0.0207291532907393,0.9361951938443759,-0.21432580036565502,0.0,1.0,-0.21432580036565502,7.94347207553055,8.0347029208705,0.005386878041279557,0.0,0.0,0.0,0.0,0.0,0.0,1086.0,39.0,27.0,24.0,25.0,0.0,3.0,,25.0,0.024861878453038673,0.022099447513812154,0.0,0.8888888888888888,0.9259259259259259,0.0,1.0,1.0416666666666667,25.0,12.5,12.5
82.0,0.610738168160121,0.845667993028959,0.99726737,0.99510145,2.0,2.0,3.0,4.0,2.0,2.0,2.0,3.0,3.0,463.0,1124.0,4.855291576673866,0.010509289126999711,0.02057002411151613,0.9424920292090918,-0.21409299657336037,0.0,1.0,-0.21409299657336037,7.978112421303502,8.067504024074614,0.005243295439172641,0.0,0.0,0.0,0.0,0.0,0.0,1124.0,40.0,28.0,25.0,26.0,0.0,3.0,0.0,26.0,0.02491103202846975,0.02224199288256228,0.0,0.8928571428571429,0.9285714285714286,0.0,1.0,1.04,26.0,13.0,13.0
83.0,0.321318947453983,0.582129706442356,0.99802643,0.9968784,2.0,1.0,2.0,2.0,2.0,1.0,1.0,2.0,2.0,463.0,1124.0,4.855291576673866,0.010509289126999711,0.02057002411151613,0.9424920292090918,-0.21409299657336037,0.0,1.0,-0.21409299657336037,7.978112421303502,8.067504024074614,0.005243295439172641,0.0,0.0,0.0,0.0,0.0,0.0,1124.0,40.0,28.0,25.0,26.0,0.0,3.0,,26.0,0.02491103202846975,0.02224199288256228,0.0,0.8928571428571429,0.9285714285714286,0.0,1.0,1.04,26.0,13.0,13.0
84.0,0.585561356374196,0.677574911287853,0.9980952,0.99724805,2.0,1.0,3.0,1.0,2.0,3.0,2.0,4.0,4.0,463.0,1124.0,4.855291576673866,0.010509289126999711,0.02057002411151613,0.9424920292090918,-0.21409299657336037,0.0,1.0,-0.21409299657336037,7.978112421303502,8.067504024074614,0.005243295439172641,0.0,0.0,0.0,0.0,0.0,0.0,1124.0,40.0,28.0,25.0,26.0,0.0,3.0,,26.0,0.02491103202846975,0.02224199288256228,0.0,0.8928571428571429,0.9285714285714286,0.0,1.0,1.04,26.0,13.0,13.0
85.0,0.0,0.387127886215846,0.99586,0.99714005,4.0,1.0,1.0,1.0,5.0,4.0,5.0,5.0,4.0,463.0,1124.0,4.855291576673866,0.010509289126999711,0.02057002411151613,0.9424920292090918,-0.21409299657336037,0.0,1.0,-0.21409299657336037,7.978112421303502,8.067504024074614,0.005243295439172641,0.0,0.0,0.0,0.0,0.0,0.0,1124.0,40.0,28.0,25.0,26.0,0.0,3.0,,26.0,0.02491103202846975,0.02224199288256228,0.0,0.8928571428571429,0.9285714285714286,0.0,1.0,1.04,26.0,13.0,13.0
86.0,0.605257997910182,0.708981876571973,0.9848156,0.9971338,2.0,1.0,2.0,2.0,2.0,2.0,3.0,5.0,5.0,463.0,1124.0,4.855291576673866,0.010509289126999711,0.02057002411151613,0.9424920292090918,-0.21409299657336037,0.0,1.0,-0.21409299657336037,7.978112421303502,8.067504024074614,0.005243295439172641,0.0,0.0,0.0,0.0,0.0,0.0,1124.0,40.0,28.0,25.0,26.0,0.0,3.0,,26.0,0.02491103202846975,0.02224199288256228,0.0,0.8928571428571429,0.9285714285714286,0.0,1.0,1.04,26.0,13.0,13.0
87.0,0.433559517065684,0.636184016863505,0.973452,0.96695757,4.0,1.0,1.0,1.0,5.0,4.0,5.0,5.0,4.0,463.0,1124.0,4.855291576673866,0.010509289126999711,0.02057002411151613,0.9424920292090918,-0.21409299657336037,0.0,1.0,-0.21409299657336037,7.978112421303502,8.067504024074614,0.005243295439172641,0.0,0.0,0.0,0.0,0.0,0.0,1124.0,40.0,28.0,25.0,26.0,0.0,3.0,,26.0,0.02491103202846975,0.02224199288256228,0.0,0.8928571428571429,0.9285714285714286,0.0,1.0,1.04,26.0,13.0,13.0
88.0,0.428759351372719,0.727711763232946,0.9875659,0.99546814,2.0,1.0,2.0,2.0,2.0,2.0,2.0,5.0,5.0,475.0,1163.0,4.896842105263158,0.010330890517432821,0.026813128434203203,0.9541807745169373,-0.21453043295912552,0.0,1.0,-0.21453043295912552,8.007428464209722,8.126365457771255,0.005154570637119113,0.0,0.0,0.0,0.0,0.0,0.0,1163.0,41.0,29.0,26.0,27.0,0.0,3.0,0.0,27.0,0.024935511607910577,0.02235597592433362,0.0,0.896551724137931,0.9310344827586207,0.0,1.0,1.0384615384615385,27.0,13.5,13.5
89.0,0.298041184432805,0.650596152991056,0.98486435,0.99682,5.0,2.0,3.0,3.0,4.0,4.0,5.0,5.0,5.0,475.0,1163.0,4.896842105263158,0.010330890517432821,0.026813128434203203,0.9541807745169373,-0.21453043295912552,0.0,1.0,-0.21453043295912552,8.007428464209722,8.126365457771255,0.005154570637119113,0.0,0.0,0.0,0.0,0.0,0.0,1163.0,41.0,29.0,26.0,27.0,0.0,3.0,,27.0,0.024935511607910577,0.02235597592433362,0.0,0.896551724137931,0.9310344827586207,0.0,1.0,1.0384615384615385,27.0,13.5,13.5
90.0,0.105012407153845,0.591263112425804,0.99220467,0.9947291,2.0,2.0,3.0,2.0,1.0,2.0,2.0,5.0,4.0,475.0,1163.0,4.896842105263158,0.010330890517432821,0.026813128434203203,0.9541807745169373,-0.21453043295912552,0.0,1.0,-0.21453043295912552,8.007428464209722,8.126365457771255,0.005154570637119113,0.0,0.0,0.0,0.0,0.0,0.0,1163.0,41.0,29.0,26.0,27.0,0.0,3.0,,27.0,0.024935511607910577,0.02235597592433362,0.0,0.896551724137931,0.9310344827586207,0.0,1.0,1.0384615384615385,27.0,13.5,13.5
91.0,0.656166950861613,0.823649863402049,0.9826537,0.97595465,2.0,1.0,1.0,1.0,5.0,4.0,5.0,5.0,5.0,475.0,1163.0,4.896842105263158,0.010330890517432821,0.026813128434203203,0.9541807745169373,-0.21453043295912552,0.0,1.0,-0.21453043295912552,8.007428464209722,8.126365457771255,0.005154570637119113,0.0,0.0,0.0,0.0,0.0,0.0,1163.0,41.0,29.0,26.0,27.0,0.0,3.0,,27.0,0.024935511607910577,0.02235597592433362,0.0,0.896551724137931,0.9310344827586207,0.0,1.0,1.0384615384615385,27.0,13.5,13.5
92.0,0.455871343612671,0.670203603804112,0.9970927,0.9195617,2.0,1.0,2.0,2.0,2.0,2.0,2.0,5.0,5.0,475.0,1163.0,4.896842105263158,0.010330890517432821,0.026813128434203203,0.9541807745169373,-0.21453043295912552,0.0,1.0,-0.21453043295912552,8.007428464209722,8.126365457771255,0.005154570637119113,0.0,0.0,0.0,0.0,0.0,0.0,1163.0,41.0,29.0,26.0,27.0,0.0,3.0,,27.0,0.024935511607910577,0.02235597592433362,0.0,0.896551724137931,0.9310344827586207,0.0,1.0,1.0384615384615385,27.0,13.5,13.5
93.0,0.432319409080914,0.664059629397733,0.9947534,0.97737026,2.0,1.0,1.0,1.0,5.0,4.0,5.0,5.0,4.0,475.0,1163.0,4.896842105263158,0.010330890517432821,0.026813128434203203,0.9541807745169373,-0.21453043295912552,0.0,1.0,-0.21453043295912552,8.007428464209722,8.126365457771255,0.005154570637119113,0.0,0.0,0.0,0.0,0.0,0.0,1163.0,41.0,29.0,26.0,27.0,0.0,3.0,,27.0,0.024935511607910577,0.02235597592433362,0.0,0.896551724137931,0.9310344827586207,0.0,1.0,1.0384615384615385,27.0,13.5,13.5
94.0,0.0109387139479319,0.518337428569794,0.99747825,0.9832998,2.0,1.0,2.0,2.0,2.0,2.0,2.0,4.0,3.0,475.0,1163.0,4.896842105263158,0.010330890517432821,0.026813128434203203,0.9541807745169373,-0.21453043295912552,0.0,1.0,-0.21453043295912552,8.007428464209722,8.126365457771255,0.005154570637119113,0.0,0.0,0.0,0.0,0.0,0.0,1163.0,41.0,29.0,26.0,27.0,0.0,3.0,,27.0,0.024935511607910577,0.02235597592433362,0.0,0.896551724137931,0.9310344827586207,0.0,1.0,1.0384615384615385,27.0,13.5,13.5
95.0,0.20832942550381,0.387748438864946,0.9980294,0.99691534,4.0,3.0,3.0,3.0,5.0,5.0,4.0,5.0,4.0,475.0,1163.0,4.896842105263158,0.010330890517432821,0.026813128434203203,0.9541807745169373,-0.21453043295912552,0.0,1.0,-0.21453043295912552,8.007428464209722,8.126365457771255,0.005154570637119113,0.0,0.0,0.0,0.0,0.0,0.0,1163.0,41.0,29.0,26.0,27.0,0.0,3.0,,27.0,0.024935511607910577,0.02235597592433362,0.0,0.896551724137931,0.9310344827586207,0.0,1.0,1.0384615384615385,27.0,13.5,13.5
96.0,0.0690279901027679,0.535710707306862,0.99804753,0.9969925,4.0,4.0,4.0,3.0,5.0,5.0,4.0,5.0,4.0,475.0,1163.0,4.896842105263158,0.010330890517432821,0.026813128434203203,0.9541807745169373,-0.21453043295912552,0.0,1.0,-0.21453043295912552,8.007428464209722,8.126365457771255,0.005154570637119113,0.0,0.0,0.0,0.0,0.0,0.0,1163.0,41.0,29.0,26.0,27.0,0.0,3.0,,27.0,0.024935511607910577,0.02235597592433362,0.0,0.896551724137931,0.9310344827586207,0.0,1.0,1.0384615384615385,27.0,13.5,13.5
97.0,0.334379447073353,0.592692641398081,0.9973046,0.9969274,1.0,1.0,1.0,1.0,1.0,1.0,1.0,1.0,2.0,475.0,1163.0,4.896842105263158,0.010330890517432821,0.026813128434203203,0.9541807745169373,-0.21453043295912552,0.0,1.0,-0.21453043295912552,8.007428464209722,8.126365457771255,0.005154570637119113,0.0,0.0,0.0,0.0,0.0,0.0,1163.0,41.0,29.0,26.0,27.0,0.0,3.0,,27.0,0.024935511607910577,0.02235597592433362,0.0,0.896551724137931,0.9310344827586207,0.0,1.0,1.0384615384615385,27.0,13.5,13.5
98.0,0.0,0.438686321179072,0.99806356,0.99708664,2.0,1.0,2.0,1.0,1.0,3.0,3.0,3.0,3.0,475.0,1163.0,4.896842105263158,0.010330890517432821,0.026813128434203203,0.9541807745169373,-0.21453043295912552,0.0,1.0,-0.21453043295912552,8.007428464209722,8.126365457771255,0.005154570637119113,0.0,0.0,0.0,0.0,0.0,0.0,1163.0,41.0,29.0,26.0,27.0,0.0,3.0,,27.0,0.024935511607910577,0.02235597592433362,0.0,0.896551724137931,0.9310344827586207,0.0,1.0,1.0384615384615385,27.0,13.5,13.5
99.0,0.316338813730649,0.621812983282975,0.99753875,0.9971721,3.0,3.0,3.0,3.0,4.0,1.0,3.0,3.0,3.0,475.0,1163.0,4.896842105263158,0.010330890517432821,0.026813128434203203,0.9541807745169373,-0.21453043295912552,0.0,1.0,-0.21453043295912552,8.007428464209722,8.126365457771255,0.005154570637119113,0.0,0.0,0.0,0.0,0.0,0.0,1163.0,41.0,29.0,26.0,27.0,0.0,3.0,,27.0,0.024935511607910577,0.02235597592433362,0.0,0.896551724137931,0.9310344827586207,0.0,1.0,1.0384615384615385,27.0,13.5,13.5
100.0,0.477453628182411,0.587968167662621,0.99639666,0.99770963,3.0,4.0,4.0,4.0,4.0,3.0,4.0,5.0,4.0,489.0,1201.0,4.912065439672801,0.010065707868181971,0.02642058389049242,0.9594994644074398,-0.2139511469159614,0.0,1.0,-0.2139511469159614,8.03994709233792,8.151153844527087,0.005022561799256443,0.0,0.0,0.0,0.0,0.0,0.0,1201.0,42.0,30.0,27.0,28.0,0.0,3.0,0.0,28.0,0.02497918401332223,0.022481265611990008,0.0,0.9,0.9333333333333333,0.0,1.0,1.037037037037037,28.0,14.0,14.0
101.0,0.464095826332386,0.683144763112068,0.99469423,0.99611396,1.0,1.0,2.0,1.0,2.0,1.0,1.0,1.0,1.0,489.0,1201.0,4.912065439672801,0.010065707868181971,0.02642058389049242,0.9594994644074398,-0.2139511469159614,0.0,1.0,-0.2139511469159614,8.03994709233792,8.151153844527087,0.005022561799256443,0.0,0.0,0.0,0.0,0.0,0.0,1201.0,42.0,30.0,27.0,28.0,0.0,3.0,,28.0,0.02497918401332223,0.022481265611990008,0.0,0.9,0.9333333333333333,0.0,1.0,1.037037037037037,28.0,14.0,14.0
102.0,0.543067173659802,0.660040232539177,0.99777085,0.70488065,3.0,2.0,3.0,4.0,2.0,3.0,4.0,5.0,3.0,489.0,1201.0,4.912065439672801,0.010065707868181971,0.02642058389049242,0.9594994644074398,-0.2139511469159614,0.0,1.0,-0.2139511469159614,8.03994709233792,8.151153844527087,0.005022561799256443,0.0,0.0,0.0,0.0,0.0,0.0,1201.0,42.0,30.0,27.0,28.0,0.0,3.0,,28.0,0.02497918401332223,0.022481265611990008,0.0,0.9,0.9333333333333333,0.0,1.0,1.037037037037037,28.0,14.0,14.0
103.0,0.3408014807277,0.553478403733327,0.99787515,0.37154403,1.0,1.0,1.0,1.0,1.0,1.0,1.0,1.0,1.0,489.0,1201.0,4.912065439672801,0.010065707868181971,0.02642058389049242,0.9594994644074398,-0.2139511469159614,0.0,1.0,-0.2139511469159614,8.03994709233792,8.151153844527087,0.005022561799256443,0.0,0.0,0.0,0.0,0.0,0.0,1201.0,42.0,30.0,27.0,28.0,0.0,3.0,,28.0,0.02497918401332223,0.022481265611990008,0.0,0.9,0.9333333333333333,0.0,1.0,1.037037037037037,28.0,14.0,14.0
104.0,0.0,0.366286367177963,0.34061062,0.2838301,2.0,1.0,2.0,3.0,2.0,2.0,1.0,3.0,3.0,489.0,1201.0,4.912065439672801,0.010065707868181971,0.02642058389049242,0.9594994644074398,-0.2139511469159614,0.0,1.0,-0.2139511469159614,8.03994709233792,8.151153844527087,0.005022561799256443,0.0,0.0,0.0,0.0,0.0,0.0,1201.0,42.0,30.0,27.0,28.0,0.0,3.0,,28.0,0.02497918401332223,0.022481265611990008,0.0,0.9,0.9333333333333333,0.0,1.0,1.037037037037037,28.0,14.0,14.0
105.0,0.681478538192236,0.79584019115338,0.9981958,0.05829981,1.0,1.0,1.0,1.0,1.0,1.0,1.0,1.0,1.0,489.0,1201.0,4.912065439672801,0.010065707868181971,0.02642058389049242,0.9594994644074398,-0.2139511469159614,0.0,1.0,-0.2139511469159614,8.03994709233792,8.151153844527087,0.005022561799256443,0.0,0.0,0.0,0.0,0.0,0.0,1201.0,42.0,30.0,27.0,28.0,0.0,3.0,,28.0,0.02497918401332223,0.022481265611990008,0.0,0.9,0.9333333333333333,0.0,1.0,1.037037037037037,28.0,14.0,14.0
106.0,0.0,0.254291035234928,0.99793124,0.09399613,2.0,1.0,2.0,3.0,2.0,2.0,1.0,3.0,3.0,489.0,1201.0,4.912065439672801,0.010065707868181971,0.02642058389049242,0.9594994644074398,-0.2139511469159614,0.0,1.0,-0.2139511469159614,8.03994709233792,8.151153844527087,0.005022561799256443,0.0,0.0,0.0,0.0,0.0,0.0,1201.0,42.0,30.0,27.0,28.0,0.0,3.0,,28.0,0.02497918401332223,0.022481265611990008,0.0,0.9,0.9333333333333333,0.0,1.0,1.037037037037037,28.0,14.0,14.0
107.0,0.231045460700989,0.300397321581841,0.997967,0.1729183,1.0,1.0,1.0,1.0,1.0,1.0,1.0,1.0,3.0,489.0,1201.0,4.912065439672801,0.010065707868181971,0.02642058389049242,0.9594994644074398,-0.2139511469159614,0.0,1.0,-0.2139511469159614,8.03994709233792,8.151153844527087,0.005022561799256443,0.0,0.0,0.0,0.0,0.0,0.0,1201.0,42.0,30.0,27.0,28.0,0.0,3.0,,28.0,0.02497918401332223,0.022481265611990008,0.0,0.9,0.9333333333333333,0.0,1.0,1.037037037037037,28.0,14.0,14.0
108.0,0.005852051001663,0.667601456244787,0.9983466,0.9661196,2.0,2.0,1.0,4.0,2.0,3.0,3.0,5.0,4.0,504.0,1241.0,4.924603174603175,0.009790463567799551,0.02715169755592756,0.9621830550401979,-0.21400294259592492,0.0,1.0,-0.21400294259592492,8.073989213300372,8.209619232239598,0.004885519022423785,0.0,0.0,0.0,0.0,0.0,0.0,1241.0,43.0,31.0,28.0,29.0,0.0,3.0,0.0,29.0,0.0249798549556809,0.022562449637389202,0.0,0.9032258064516129,0.9354838709677419,0.0,1.0,1.0357142857142858,29.0,14.5,14.5
109.0,0.702752047218382,0.855142462998629,0.9984396,0.9968361,4.0,3.0,3.0,3.0,4.0,4.0,4.0,3.0,3.0,504.0,1241.0,4.924603174603175,0.009790463567799551,0.02715169755592756,0.9621830550401979,-0.21400294259592492,0.0,1.0,-0.21400294259592492,8.073989213300372,8.209619232239598,0.004885519022423785,0.0,0.0,0.0,0.0,0.0,0.0,1241.0,43.0,31.0,28.0,29.0,0.0,3.0,,29.0,0.0249798549556809,0.022562449637389202,0.0,0.9032258064516129,0.9354838709677419,0.0,1.0,1.0357142857142858,29.0,14.5,14.5
110.0,0.0,0.369267461821437,0.9983089,0.99730515,4.0,3.0,4.0,3.0,4.0,5.0,3.0,5.0,4.0,504.0,1241.0,4.924603174603175,0.009790463567799551,0.02715169755592756,0.9621830550401979,-0.21400294259592492,0.0,1.0,-0.21400294259592492,8.073989213300372,8.209619232239598,0.004885519022423785,0.0,0.0,0.0,0.0,0.0,0.0,1241.0,43.0,31.0,28.0,29.0,0.0,3.0,,29.0,0.0249798549556809,0.022562449637389202,0.0,0.9032258064516129,0.9354838709677419,0.0,1.0,1.0357142857142858,29.0,14.5,14.5
111.0,0.406492780361857,0.56488025188446,0.99786377,0.99713224,1.0,1.0,2.0,1.0,1.0,2.0,3.0,2.0,3.0,504.0,1241.0,4.924603174603175,0.009790463567799551,0.02715169755592756,0.9621830550401979,-0.21400294259592492,0.0,1.0,-0.21400294259592492,8.073989213300372,8.209619232239598,0.004885519022423785,0.0,0.0,0.0,0.0,0.0,0.0,1241.0,43.0,31.0,28.0,29.0,0.0,3.0,,29.0,0.0249798549556809,0.022562449637389202,0.0,0.9032258064516129,0.9354838709677419,0.0,1.0,1.0357142857142858,29.0,14.5,14.5
112.0,0.0187549088150263,0.268978293985128,0.9945352,0.9976171,2.0,1.0,1.0,3.0,2.0,3.0,1.0,4.0,2.0,504.0,1241.0,4.924603174603175,0.009790463567799551,0.02715169755592756,0.9621830550401979,-0.21400294259592492,0.0,1.0,-0.21400294259592492,8.073989213300372,8.209619232239598,0.004885519022423785,0.0,0.0,0.0,0.0,0.0,0.0,1241.0,43.0,31.0,28.0,29.0,0.0,3.0,,29.0,0.0249798549556809,0.022562449637389202,0.0,0.9032258064516129,0.9354838709677419,0.0,1.0,1.0357142857142858,29.0,14.5,14.5
113.0,0.77512334207339,0.830131302454642,0.99799764,0.9957398,4.0,4.0,3.0,5.0,5.0,5.0,4.0,4.0,3.0,504.0,1241.0,4.924603174603175,0.009790463567799551,0.02715169755592756,0.9621830550401979,-0.21400294259592492,0.0,1.0,-0.21400294259592492,8.073989213300372,8.209619232239598,0.004885519022423785,0.0,0.0,0.0,0.0,0.0,0.0,1241.0,43.0,31.0,28.0,29.0,0.0,3.0,,29.0,0.0249798549556809,0.022562449637389202,0.0,0.9032258064516129,0.9354838709677419,0.0,1.0,1.0357142857142858,29.0,14.5,14.5
114.0,0.22690481543541,0.536452451348305,0.9978978,0.9969787,4.0,3.0,4.0,4.0,4.0,3.0,3.0,5.0,4.0,504.0,1241.0,4.924603174603175,0.009790463567799551,0.02715169755592756,0.9621830550401979,-0.21400294259592492,0.0,1.0,-0.21400294259592492,8.073989213300372,8.209619232239598,0.004885519022423785,0.0,0.0,0.0,0.0,0.0,0.0,1241.0,43.0,31.0,28.0,29.0,0.0,3.0,,29.0,0.0249798549556809,0.022562449637389202,0.0,0.9032258064516129,0.9354838709677419,0.0,1.0,1.0357142857142858,29.0,14.5,14.5
115.0,0.961464964917728,0.993037164211273,0.9980476,0.9961709,4.0,4.0,3.0,5.0,5.0,5.0,4.0,4.0,3.0,504.0,1241.0,4.924603174603175,0.009790463567799551,0.02715169755592756,0.9621830550401979,-0.21400294259592492,0.0,1.0,-0.21400294259592492,8.073989213300372,8.209619232239598,0.004885519022423785,0.0,0.0,0.0,0.0,0.0,0.0,1241.0,43.0,31.0,28.0,29.0,0.0,3.0,,29.0,0.0249798549556809,0.022562449637389202,0.0,0.9032258064516129,0.9354838709677419,0.0,1.0,1.0357142857142858,29.0,14.5,14.5
116.0,0.0,0.172647006809711,0.9979421,0.99715084,4.0,3.0,4.0,4.0,4.0,3.0,3.0,5.0,4.0,504.0,1241.0,4.924603174603175,0.009790463567799551,0.02715169755592756,0.9621830550401979,-0.21400294259592492,0.0,1.0,-0.21400294259592492,8.073989213300372,8.209619232239598,0.004885519022423785,0.0,0.0,0.0,0.0,0.0,0.0,1241.0,43.0,31.0,28.0,29.0,0.0,3.0,,29.0,0.0249798549556809,0.022562449637389202,0.0,0.9032258064516129,0.9354838709677419,0.0,1.0,1.0357142857142858,29.0,14.5,14.5
117.0,0.0709998309612274,0.263261924187342,0.9981922,0.9972042,1.0,2.0,2.0,1.0,3.0,4.0,3.0,1.0,4.0,504.0,1241.0,4.924603174603175,0.009790463567799551,0.02715169755592756,0.9621830550401979,-0.21400294259592492,0.0,1.0,-0.21400294259592492,8.073989213300372,8.209619232239598,0.004885519022423785,0.0,0.0,0.0,0.0,0.0,0.0,1241.0,43.0,31.0,28.0,29.0,0.0,3.0,,29.0,0.0249798549556809,0.022562449637389202,0.0,0.9032258064516129,0.9354838709677419,0.0,1.0,1.0357142857142858,29.0,14.5,14.5
118.0,0.0,0.12444032728672,0.998302,0.9971804,2.0,1.0,1.0,2.0,2.0,3.0,2.0,4.0,4.0,504.0,1241.0,4.924603174603175,0.009790463567799551,0.02715169755592756,0.9621830550401979,-0.21400294259592492,0.0,1.0,-0.21400294259592492,8.073989213300372,8.209619232239598,0.004885519022423785,0.0,0.0,0.0,0.0,0.0,0.0,1241.0,43.0,31.0,28.0,29.0,0.0,3.0,,29.0,0.0249798549556809,0.022562449637389202,0.0,0.9032258064516129,0.9354838709677419,0.0,1.0,1.0357142857142858,29.0,14.5,14.5
119.0,0.0273281577974558,0.35898957028985,0.9984719,0.99715054,1.0,2.0,1.0,1.0,1.0,1.0,1.0,1.0,3.0,504.0,1241.0,4.924603174603175,0.009790463567799551,0.02715169755592756,0.9621830550401979,-0.21400294259592492,0.0,1.0,-0.21400294259592492,8.073989213300372,8.209619232239598,0.004885519022423785,0.0,0.0,0.0,0.0,0.0,0.0,1241.0,43.0,31.0,28.0,29.0,0.0,3.0,,29.0,0.0249798549556809,0.022562449637389202,0.0,0.9032258064516129,0.9354838709677419,0.0,1.0,1.0357142857142858,29.0,14.5,14.5
120.0,0.0,0.253708094358444,0.9984021,0.9971629,2.0,1.0,1.0,2.0,1.0,2.0,2.0,4.0,4.0,504.0,1241.0,4.924603174603175,0.009790463567799551,0.02715169755592756,0.9621830550401979,-0.21400294259592492,0.0,1.0,-0.21400294259592492,8.073989213300372,8.209619232239598,0.004885519022423785,0.0,0.0,0.0,0.0,0.0,0.0,1241.0,43.0,31.0,28.0,29.0,0.0,3.0,,29.0,0.0249798549556809,0.022562449637389202,0.0,0.9032258064516129,0.9354838709677419,0.0,1.0,1.0357142857142858,29.0,14.5,14.5
121.0,0.653499007225037,0.861077949404717,0.99840176,0.99719375,1.0,1.0,1.0,1.0,1.0,1.0,1.0,1.0,3.0,504.0,1241.0,4.924603174603175,0.009790463567799551,0.02715169755592756,0.9621830550401979,-0.21400294259592492,0.0,1.0,-0.21400294259592492,8.073989213300372,8.209619232239598,0.004885519022423785,0.0,0.0,0.0,0.0,0.0,0.0,1241.0,43.0,31.0,28.0,29.0,0.0,3.0,,29.0,0.0249798549556809,0.022562449637389202,0.0,0.9032258064516129,0.9354838709677419,0.0,1.0,1.0357142857142858,29.0,14.5,14.5
