Turn,System llh,MLM llh,USR DLcontext,USR DLfact,Overall Human Rating,Interesting,Engaging,Specific,Relevant,Correct,Semantically Appropriate,Understandable,Fluent,GROUP A - Total nodes,GROUP A - Total edges,GROUP A - Average degree,GROUP A - Average degree centrality,GROUP A - Average closeness,GROUP A - Average degree connectivity,GROUP A - Average assortativity,GROUP A - Average node connectivity,GROUP A - Number of components,GROUP A - Number of strong components,GROUP A - Centrality entropy,GROUP A - Closeness entropy,GROUP A - Sparseness,GROUP B - Total classes,GROUP B - Total properties,GROUP B - Average population,GROUP B - Attribute richness,GROUP B - Relationship richness,GROUP B - Total axioms,GROUP C - Total triples,GROUP C - Total world instances,GROUP C - Total claims,GROUP C - Total perspectives,GROUP C - Total mentions,GROUP C - Total conflicts,GROUP C - Total sources,GROUP C - Total interactions,GROUP C - Total utterances,GROUP C - Ratio claim to triples,GROUP C - Ratio perspectives to triples,GROUP C - Ratio conflicts to triples,GROUP C - Ratio perspectives to claims,GROUP C - Ratio mentions to claims,GROUP C - Ratio conflicts to claims,GROUP C - Average perspectives per claim,GROUP C - Average mentions per claim,GROUP C - Average turns per interaction,GROUP C - Average claims per source,GROUP C - Average perspectives per source
0.0,0.14410678108696223,0.6100746191130397,0.001329569025,0.81609744,,,,,,,,,,2870.0,7906.0,5.509407665505226,0.0019203233410614244,0.0017210902516714033,0.8596768057594533,-0.11746526166007985,0.0,3.0,-0.11746526166007985,10.048989987248374,8.553952455944422,0.000958613070451262,294.0,267.0,4.442176870748299,0.14232209737827714,0.3037542662116041,2769.0,7906.0,0.0,0.0,0.0,0.0,0.0,0.0,0.0,0.0,0.0,0.0,0.0,0.0,0.0,0.0,0.0,0.0,0.0,0.0,0.0
1.0,0.0,0.38098138592696373,0.68163854,0.796168,,,,,,,,,,2870.0,7906.0,5.509407665505226,0.0019203233410614244,0.0017210902516714033,0.8596768057594533,-0.11746526166007985,0.0,3.0,-0.11746526166007985,10.048989987248374,8.553952455944422,0.000958613070451262,294.0,267.0,4.442176870748299,0.14232209737827714,0.3037542662116041,2769.0,7906.0,0.0,0.0,0.0,0.0,0.0,0.0,,0.0,0.0,0.0,0.0,0.0,0.0,0.0,0.0,0.0,0.0,0.0,0.0
2.0,0.2550937849075748,0.5959963050866223,0.99716645,0.74840045,,,,,,,,,,2870.0,7906.0,5.509407665505226,0.0019203233410614244,0.0017210902516714033,0.8596768057594533,-0.11746526166007985,0.0,3.0,-0.11746526166007985,10.048989987248374,8.553952455944422,0.000958613070451262,294.0,267.0,4.442176870748299,0.14232209737827714,0.3037542662116041,2769.0,7906.0,0.0,0.0,0.0,0.0,0.0,0.0,,0.0,0.0,0.0,0.0,0.0,0.0,0.0,0.0,0.0,0.0,0.0,0.0
3.0,0.0,0.0967779530518732,0.9857895,0.73552406,,,,,,,,,,2929.0,8021.0,5.476954592010925,0.0018705446010966274,0.0016962879805778137,0.8700331834873309,-0.11521514267001977,0.0,3.0,-0.11521514267001977,10.087153396139907,8.631596383954308,0.0009337873545539647,294.0,267.0,4.598639455782313,0.14232209737827714,0.3037542662116041,2840.0,8021.0,5.0,3.0,1.0,1.0,0.0,2.0,0.0,1.0,0.00037401820221917467,0.00012467273407305821,0.0,0.3333333333333333,0.3333333333333333,0.0,1.0,1.0,1.0,1.0,1.0
4.0,0.5469692799117185,0.6707019981180535,0.98891413,0.67175364,3.0,3.0,3.0,3.0,3.0,3.0,3.0,3.0,3.0,2929.0,8021.0,5.476954592010925,0.0018705446010966274,0.0016962879805778137,0.8700331834873309,-0.11521514267001977,0.0,3.0,-0.11521514267001977,10.087153396139907,8.631596383954308,0.0009337873545539647,294.0,267.0,4.598639455782313,0.14232209737827714,0.3037542662116041,2840.0,8021.0,5.0,3.0,1.0,1.0,0.0,2.0,,1.0,0.00037401820221917467,0.00012467273407305821,0.0,0.3333333333333333,0.3333333333333333,0.0,1.0,1.0,1.0,1.0,1.0
5.0,0.3350360559359235,0.591594669055708,0.9958387,0.57062954,3.0,3.0,3.0,3.0,3.0,3.0,3.0,3.0,3.0,2952.0,8072.0,5.468834688346884,0.0018532140590806114,0.0016931925814939544,0.8746769112647156,-0.11509386628396553,0.0,3.0,-0.11509386628396553,10.1027687001528,8.667033141051864,0.0009251455996944793,294.0,267.0,4.649659863945578,0.14232209737827714,0.3037542662116041,2874.0,8072.0,7.0,4.0,2.0,2.0,0.0,2.0,0.0,2.0,0.0004955401387512388,0.0002477700693756194,0.0,0.5,0.5,0.0,1.0,1.0,2.0,2.0,2.0
6.0,0.5976024038974143,0.7733866019727089,0.9941179,0.5970521,2.75,3.5,3.5,3.25,3.75,3.0,3.5,3.5,1.75,2952.0,8072.0,5.468834688346884,0.0018532140590806114,0.0016931925814939544,0.8746769112647156,-0.11509386628396553,0.0,3.0,-0.11509386628396553,10.1027687001528,8.667033141051864,0.0009251455996944793,294.0,267.0,4.649659863945578,0.14232209737827714,0.3037542662116041,2874.0,8072.0,7.0,4.0,2.0,2.0,0.0,2.0,,2.0,0.0004955401387512388,0.0002477700693756194,0.0,0.5,0.5,0.0,1.0,1.0,2.0,2.0,2.0
7.0,0.44819346803836924,0.7513071969787876,0.9896955,0.6024414,2.75,3.5,3.5,3.25,3.75,3.0,3.5,3.5,1.75,2952.0,8072.0,5.468834688346884,0.0018532140590806114,0.0016931925814939544,0.8746769112647156,-0.11509386628396553,0.0,3.0,-0.11509386628396553,10.1027687001528,8.667033141051864,0.0009251455996944793,294.0,267.0,4.649659863945578,0.14232209737827714,0.3037542662116041,2874.0,8072.0,7.0,4.0,2.0,2.0,0.0,2.0,,2.0,0.0004955401387512388,0.0002477700693756194,0.0,0.5,0.5,0.0,1.0,1.0,2.0,2.0,2.0
8.0,0.2855142289047655,0.5626614950865723,0.9644173,0.65127516,3.0,3.5,3.25,3.25,3.25,3.25,3.0,3.5,2.0,2952.0,8072.0,5.468834688346884,0.0018532140590806114,0.0016931925814939544,0.8746769112647156,-0.11509386628396553,0.0,3.0,-0.11509386628396553,10.1027687001528,8.667033141051864,0.0009251455996944793,294.0,267.0,4.649659863945578,0.14232209737827714,0.3037542662116041,2874.0,8072.0,7.0,4.0,2.0,2.0,0.0,2.0,,2.0,0.0004955401387512388,0.0002477700693756194,0.0,0.5,0.5,0.0,1.0,1.0,2.0,2.0,2.0
9.0,0.7218320519683017,0.9601972250532628,0.11791346,0.66056406,3.0,3.5,3.25,3.25,3.25,3.25,3.0,3.5,2.0,2952.0,8072.0,5.468834688346884,0.0018532140590806114,0.0016931925814939544,0.8746769112647156,-0.11509386628396553,0.0,3.0,-0.11509386628396553,10.1027687001528,8.667033141051864,0.0009251455996944793,294.0,267.0,4.649659863945578,0.14232209737827714,0.3037542662116041,2874.0,8072.0,7.0,4.0,2.0,2.0,0.0,2.0,,2.0,0.0004955401387512388,0.0002477700693756194,0.0,0.5,0.5,0.0,1.0,1.0,2.0,2.0,2.0
10.0,0.8455715590522725,0.9258668560062038,0.99832135,0.9867422,3.0,3.0,3.5,3.0,3.5,3.25,3.25,3.0,1.5,2952.0,8072.0,5.468834688346884,0.0018532140590806114,0.0016931925814939544,0.8746769112647156,-0.11509386628396553,0.0,3.0,-0.11509386628396553,10.1027687001528,8.667033141051864,0.0009251455996944793,294.0,267.0,4.649659863945578,0.14232209737827714,0.3037542662116041,2874.0,8072.0,7.0,4.0,2.0,2.0,0.0,2.0,,2.0,0.0004955401387512388,0.0002477700693756194,0.0,0.5,0.5,0.0,1.0,1.0,2.0,2.0,2.0
11.0,0.6584600659306165,0.7382644119219628,0.9979685,0.99071044,3.0,3.0,3.5,3.0,3.5,3.25,3.25,3.0,1.5,2966.0,8112.0,5.469993256911666,0.0018448543868167504,0.001698909417161804,0.8795390791369208,-0.11635198545457089,0.0,3.0,-0.11635198545457089,10.112894218306078,8.69868098509307,0.0009209794619988551,294.0,267.0,4.690476190476191,0.14232209737827714,0.3037542662116041,2905.0,8112.0,8.0,5.0,3.0,3.0,0.0,2.0,0.0,3.0,0.000616370808678501,0.0003698224852071006,0.0,0.6,0.6,0.0,1.0,1.0,3.0,3.0,3.0
12.0,0.16506551188722302,0.4829475269680395,0.996897,0.23418662,3.75,3.75,3.75,3.75,3.25,3.5,3.75,4.0,4.25,2966.0,8112.0,5.469993256911666,0.0018448543868167504,0.001698909417161804,0.8795390791369208,-0.11635198545457089,0.0,3.0,-0.11635198545457089,10.112894218306078,8.69868098509307,0.0009209794619988551,294.0,267.0,4.690476190476191,0.14232209737827714,0.3037542662116041,2905.0,8112.0,8.0,5.0,3.0,3.0,0.0,2.0,,3.0,0.000616370808678501,0.0003698224852071006,0.0,0.6,0.6,0.0,1.0,1.0,3.0,3.0,3.0
13.0,0.08167972297877327,0.470279132081611,0.9972268,0.36907223,3.75,3.75,3.75,3.75,3.25,3.5,3.75,4.0,4.25,2966.0,8112.0,5.469993256911666,0.0018448543868167504,0.001698909417161804,0.8795390791369208,-0.11635198545457089,0.0,3.0,-0.11635198545457089,10.112894218306078,8.69868098509307,0.0009209794619988551,294.0,267.0,4.690476190476191,0.14232209737827714,0.3037542662116041,2905.0,8112.0,8.0,5.0,3.0,3.0,0.0,2.0,,3.0,0.000616370808678501,0.0003698224852071006,0.0,0.6,0.6,0.0,1.0,1.0,3.0,3.0,3.0
14.0,0.22039411888898874,0.36258208787919627,0.99695736,0.43427098,2.75,2.0,2.5,2.25,2.25,3.0,1.5,2.75,3.75,2966.0,8112.0,5.469993256911666,0.0018448543868167504,0.001698909417161804,0.8795390791369208,-0.11635198545457089,0.0,3.0,-0.11635198545457089,10.112894218306078,8.69868098509307,0.0009209794619988551,294.0,267.0,4.690476190476191,0.14232209737827714,0.3037542662116041,2905.0,8112.0,8.0,5.0,3.0,3.0,0.0,2.0,,3.0,0.000616370808678501,0.0003698224852071006,0.0,0.6,0.6,0.0,1.0,1.0,3.0,3.0,3.0
15.0,0.45279089602445477,0.6748190520548478,0.9925634,0.99649906,2.75,2.0,2.5,2.25,2.25,3.0,1.5,2.75,3.75,2966.0,8112.0,5.469993256911666,0.0018448543868167504,0.001698909417161804,0.8795390791369208,-0.11635198545457089,0.0,3.0,-0.11635198545457089,10.112894218306078,8.69868098509307,0.0009209794619988551,294.0,267.0,4.690476190476191,0.14232209737827714,0.3037542662116041,2905.0,8112.0,8.0,5.0,3.0,3.0,0.0,2.0,,3.0,0.000616370808678501,0.0003698224852071006,0.0,0.6,0.6,0.0,1.0,1.0,3.0,3.0,3.0
16.0,0.9195020930604412,0.9959757419933225,0.99836504,0.9971545,2.5,1.75,2.25,2.75,2.75,2.5,2.75,2.75,2.0,2966.0,8112.0,5.469993256911666,0.0018448543868167504,0.001698909417161804,0.8795390791369208,-0.11635198545457089,0.0,3.0,-0.11635198545457089,10.112894218306078,8.69868098509307,0.0009209794619988551,294.0,267.0,4.690476190476191,0.14232209737827714,0.3037542662116041,2905.0,8112.0,8.0,5.0,3.0,3.0,0.0,2.0,,3.0,0.000616370808678501,0.0003698224852071006,0.0,0.6,0.6,0.0,1.0,1.0,3.0,3.0,3.0
17.0,0.3860259590012395,0.47899672397257625,0.9982931,0.99690175,2.5,1.75,2.25,2.75,2.75,2.5,2.75,2.75,2.0,2982.0,8154.0,5.468812877263582,0.0018345564834832543,0.0017055184629699751,0.884183211700716,-0.11752469913088337,0.0,3.0,-0.11752469913088337,10.124063295015631,8.733787195855747,0.0009158460712857516,294.0,267.0,4.727891156462585,0.14232209737827714,0.3037542662116041,2936.0,8154.0,9.0,6.0,4.0,4.0,0.0,2.0,0.0,4.0,0.0007358351729212656,0.0004905567819475104,0.0,0.6666666666666666,0.6666666666666666,0.0,1.0,1.0,4.0,4.0,4.0
18.0,0.4998105841156515,0.6183555170509978,0.9983982,0.9966393,4.0,3.75,3.0,3.5,3.5,4.0,4.25,4.25,4.25,2982.0,8154.0,5.468812877263582,0.0018345564834832543,0.0017055184629699751,0.884183211700716,-0.11752469913088337,0.0,3.0,-0.11752469913088337,10.124063295015631,8.733787195855747,0.0009158460712857516,294.0,267.0,4.727891156462585,0.14232209737827714,0.3037542662116041,2936.0,8154.0,9.0,6.0,4.0,4.0,0.0,2.0,,4.0,0.0007358351729212656,0.0004905567819475104,0.0,0.6666666666666666,0.6666666666666666,0.0,1.0,1.0,4.0,4.0,4.0
19.0,0.0,0.2692706581232605,0.99275315,0.99479747,4.0,3.75,3.0,3.5,3.5,4.0,4.25,4.25,4.25,2982.0,8154.0,5.468812877263582,0.0018345564834832543,0.0017055184629699751,0.884183211700716,-0.11752469913088337,0.0,3.0,-0.11752469913088337,10.124063295015631,8.733787195855747,0.0009158460712857516,294.0,267.0,4.727891156462585,0.14232209737827714,0.3037542662116041,2936.0,8154.0,9.0,6.0,4.0,4.0,0.0,2.0,,4.0,0.0007358351729212656,0.0004905567819475104,0.0,0.6666666666666666,0.6666666666666666,0.0,1.0,1.0,4.0,4.0,4.0
20.0,0.0,0.3144738079529343,0.99298847,0.9930184,4.0,3.75,3.0,3.5,3.5,4.0,4.25,4.25,4.25,2982.0,8154.0,5.468812877263582,0.0018345564834832543,0.0017055184629699751,0.884183211700716,-0.11752469913088337,0.0,3.0,-0.11752469913088337,10.124063295015631,8.733787195855747,0.0009158460712857516,294.0,267.0,4.727891156462585,0.14232209737827714,0.3037542662116041,2936.0,8154.0,9.0,6.0,4.0,4.0,0.0,2.0,,4.0,0.0007358351729212656,0.0004905567819475104,0.0,0.6666666666666666,0.6666666666666666,0.0,1.0,1.0,4.0,4.0,4.0
21.0,0.5347986890466433,0.7190703150902558,0.98965704,0.9847232,4.0,3.75,3.0,3.5,3.5,4.0,4.25,4.25,4.25,2982.0,8154.0,5.468812877263582,0.0018345564834832543,0.0017055184629699751,0.884183211700716,-0.11752469913088337,0.0,3.0,-0.11752469913088337,10.124063295015631,8.733787195855747,0.0009158460712857516,294.0,267.0,4.727891156462585,0.14232209737827714,0.3037542662116041,2936.0,8154.0,9.0,6.0,4.0,4.0,0.0,2.0,,4.0,0.0007358351729212656,0.0004905567819475104,0.0,0.6666666666666666,0.6666666666666666,0.0,1.0,1.0,4.0,4.0,4.0
22.0,0.0,0.113395936946782,0.83693933,0.96646076,4.0,3.75,3.0,3.5,3.5,4.0,4.25,4.25,4.25,2982.0,8154.0,5.468812877263582,0.0018345564834832543,0.0017055184629699751,0.884183211700716,-0.11752469913088337,0.0,3.0,-0.11752469913088337,10.124063295015631,8.733787195855747,0.0009158460712857516,294.0,267.0,4.727891156462585,0.14232209737827714,0.3037542662116041,2936.0,8154.0,9.0,6.0,4.0,4.0,0.0,2.0,,4.0,0.0007358351729212656,0.0004905567819475104,0.0,0.6666666666666666,0.6666666666666666,0.0,1.0,1.0,4.0,4.0,4.0
23.0,0.36994422693544776,0.5586619109728832,0.199121,0.71885115,4.0,3.75,3.0,3.5,3.5,4.0,4.25,4.25,4.25,2982.0,8154.0,5.468812877263582,0.0018345564834832543,0.0017055184629699751,0.884183211700716,-0.11752469913088337,0.0,3.0,-0.11752469913088337,10.124063295015631,8.733787195855747,0.0009158460712857516,294.0,267.0,4.727891156462585,0.14232209737827714,0.3037542662116041,2936.0,8154.0,9.0,6.0,4.0,4.0,0.0,2.0,,4.0,0.0007358351729212656,0.0004905567819475104,0.0,0.6666666666666666,0.6666666666666666,0.0,1.0,1.0,4.0,4.0,4.0
24.0,0.0,0.2548564079105912,0.5334598,0.60375845,4.0,3.75,3.0,3.5,3.5,4.0,4.25,4.25,4.25,3000.0,8204.0,5.469333333333333,0.001823719017450261,0.0017125757914382242,0.8918101230125224,-0.11831807203009186,0.0,3.0,-0.11831807203009186,10.136763778863337,8.767314914922467,0.0009104444444444444,294.0,267.0,4.789115646258503,0.14232209737827714,0.3037542662116041,2974.0,8204.0,12.0,8.0,5.0,5.0,0.0,3.0,0.0,5.0,0.0009751340809361287,0.0006094588005850804,0.0,0.625,0.625,0.0,1.0,1.0,5.0,2.5,2.5
25.0,0.5410162319225336,0.6428040370618462,0.92486936,0.72746176,3.0,3.0,3.0,3.0,3.0,3.0,3.0,3.0,3.0,3000.0,8204.0,5.469333333333333,0.001823719017450261,0.0017125757914382242,0.8918101230125224,-0.11831807203009186,0.0,3.0,-0.11831807203009186,10.136763778863337,8.767314914922467,0.0009104444444444444,294.0,267.0,4.789115646258503,0.14232209737827714,0.3037542662116041,2974.0,8204.0,12.0,8.0,5.0,5.0,0.0,3.0,,5.0,0.0009751340809361287,0.0006094588005850804,0.0,0.625,0.625,0.0,1.0,1.0,5.0,2.5,2.5
26.0,0.11997931200563175,0.43343595690926623,0.9608382,0.95403963,3.0,3.0,3.0,3.0,3.0,3.0,3.0,3.0,3.0,3014.0,8244.0,5.470471134704711,0.0018156226799550983,0.0017199386148162956,0.8963909862407532,-0.1197699167059085,0.0,3.0,-0.1197699167059085,10.146177482690934,8.79593973332312,0.0009064093289048365,294.0,267.0,4.829931972789115,0.14232209737827714,0.3037542662116041,3005.0,8244.0,13.0,9.0,6.0,6.0,0.0,3.0,0.0,6.0,0.001091703056768559,0.000727802037845706,0.0,0.6666666666666666,0.6666666666666666,0.0,1.0,1.0,6.0,3.0,3.0
27.0,0.7177913189733582,0.872206730875498,0.9944377,0.9522982,4.5,4.5,4.5,4.5,4.5,4.25,4.5,4.25,4.5,3014.0,8244.0,5.470471134704711,0.0018156226799550983,0.0017199386148162956,0.8963909862407532,-0.1197699167059085,0.0,3.0,-0.1197699167059085,10.146177482690934,8.79593973332312,0.0009064093289048365,294.0,267.0,4.829931972789115,0.14232209737827714,0.3037542662116041,3005.0,8244.0,13.0,9.0,6.0,6.0,0.0,3.0,,6.0,0.001091703056768559,0.000727802037845706,0.0,0.6666666666666666,0.6666666666666666,0.0,1.0,1.0,6.0,3.0,3.0
28.0,0.6943558979013548,0.7810788899915028,0.9940022,0.99583524,4.5,4.5,4.5,4.5,4.5,4.25,4.5,4.25,4.5,3014.0,8244.0,5.470471134704711,0.0018156226799550983,0.0017199386148162956,0.8963909862407532,-0.1197699167059085,0.0,3.0,-0.1197699167059085,10.146177482690934,8.79593973332312,0.0009064093289048365,294.0,267.0,4.829931972789115,0.14232209737827714,0.3037542662116041,3005.0,8244.0,13.0,9.0,6.0,6.0,0.0,3.0,,6.0,0.001091703056768559,0.000727802037845706,0.0,0.6666666666666666,0.6666666666666666,0.0,1.0,1.0,6.0,3.0,3.0
29.0,0.3141040679456403,0.574629494886961,0.991569,0.9911927,2.0,1.25,1.75,1.75,1.75,2.0,1.5,1.75,1.0,3014.0,8244.0,5.470471134704711,0.0018156226799550983,0.0017199386148162956,0.8963909862407532,-0.1197699167059085,0.0,3.0,-0.1197699167059085,10.146177482690934,8.79593973332312,0.0009064093289048365,294.0,267.0,4.829931972789115,0.14232209737827714,0.3037542662116041,3005.0,8244.0,13.0,9.0,6.0,6.0,0.0,3.0,,6.0,0.001091703056768559,0.000727802037845706,0.0,0.6666666666666666,0.6666666666666666,0.0,1.0,1.0,6.0,3.0,3.0
30.0,0.3802448250088335,0.41599255406929553,0.6919857,0.6788449,2.0,1.25,1.75,1.75,1.75,2.0,1.5,1.75,1.0,3028.0,8282.0,5.4702774108322325,0.0018071613514477145,0.001730375702347343,0.9013092191699187,-0.12131603819242653,0.0,3.0,-0.12131603819242653,10.155274589204891,8.827781211125824,0.0009021916101415411,294.0,267.0,4.863945578231292,0.14232209737827714,0.3037542662116041,3034.0,8282.0,14.0,10.0,7.0,7.0,0.0,3.0,0.0,7.0,0.001207437816952427,0.0008452064718666989,0.0,0.7,0.7,0.0,1.0,1.0,7.0,3.5,3.5
31.0,0.31437364606753626,0.5247469649849039,0.9977418,0.997087,3.25,3.0,1.25,1.0,1.0,1.25,1.0,4.25,4.0,3028.0,8282.0,5.4702774108322325,0.0018071613514477145,0.001730375702347343,0.9013092191699187,-0.12131603819242653,0.0,3.0,-0.12131603819242653,10.155274589204891,8.827781211125824,0.0009021916101415411,294.0,267.0,4.863945578231292,0.14232209737827714,0.3037542662116041,3034.0,8282.0,14.0,10.0,7.0,7.0,0.0,3.0,,7.0,0.001207437816952427,0.0008452064718666989,0.0,0.7,0.7,0.0,1.0,1.0,7.0,3.5,3.5
32.0,0.05705184890504408,0.3113243840158705,0.9950768,0.2866555,3.25,3.0,1.25,1.0,1.0,1.25,1.0,4.25,4.0,3028.0,8282.0,5.4702774108322325,0.0018071613514477145,0.001730375702347343,0.9013092191699187,-0.12131603819242653,0.0,3.0,-0.12131603819242653,10.155274589204891,8.827781211125824,0.0009021916101415411,294.0,267.0,4.863945578231292,0.14232209737827714,0.3037542662116041,3034.0,8282.0,14.0,10.0,7.0,7.0,0.0,3.0,,7.0,0.001207437816952427,0.0008452064718666989,0.0,0.7,0.7,0.0,1.0,1.0,7.0,3.5,3.5
33.0,0.18320894497421425,0.47727037492386504,0.9959783,0.42771834,3.25,2.75,3.0,2.25,3.25,3.25,3.75,4.25,4.5,3028.0,8282.0,5.4702774108322325,0.0018071613514477145,0.001730375702347343,0.9013092191699187,-0.12131603819242653,0.0,3.0,-0.12131603819242653,10.155274589204891,8.827781211125824,0.0009021916101415411,294.0,267.0,4.863945578231292,0.14232209737827714,0.3037542662116041,3034.0,8282.0,14.0,10.0,7.0,7.0,0.0,3.0,,7.0,0.001207437816952427,0.0008452064718666989,0.0,0.7,0.7,0.0,1.0,1.0,7.0,3.5,3.5
34.0,0.31356557096527526,0.5199291480641948,0.99407005,0.6174522,3.25,2.75,3.0,2.25,3.25,3.25,3.75,4.25,4.5,3028.0,8282.0,5.4702774108322325,0.0018071613514477145,0.001730375702347343,0.9013092191699187,-0.12131603819242653,0.0,3.0,-0.12131603819242653,10.155274589204891,8.827781211125824,0.0009021916101415411,294.0,267.0,4.863945578231292,0.14232209737827714,0.3037542662116041,3034.0,8282.0,14.0,10.0,7.0,7.0,0.0,3.0,,7.0,0.001207437816952427,0.0008452064718666989,0.0,0.7,0.7,0.0,1.0,1.0,7.0,3.5,3.5
35.0,0.0,0.45009550488058103,0.9930885,0.6090542,4.0,3.25,3.0,1.75,3.75,4.0,3.75,4.25,4.25,3028.0,8282.0,5.4702774108322325,0.0018071613514477145,0.001730375702347343,0.9013092191699187,-0.12131603819242653,0.0,3.0,-0.12131603819242653,10.155274589204891,8.827781211125824,0.0009021916101415411,294.0,267.0,4.863945578231292,0.14232209737827714,0.3037542662116041,3034.0,8282.0,14.0,10.0,7.0,7.0,0.0,3.0,,7.0,0.001207437816952427,0.0008452064718666989,0.0,0.7,0.7,0.0,1.0,1.0,7.0,3.5,3.5
36.0,0.39213789606739,0.5139732438836413,0.9105677,0.5706464,4.0,3.25,3.0,1.75,3.75,4.0,3.75,4.25,4.25,3043.0,8322.0,5.469602366086099,0.00179802839121831,0.001743098941592546,0.9054656445412929,-0.12315740879216627,0.0,3.0,-0.12315740879216627,10.164564012185057,8.863203220884587,0.0008976388275877933,294.0,267.0,4.901360544217687,0.14232209737827714,0.3037542662116041,3064.0,8322.0,15.0,11.0,8.0,8.0,0.0,3.0,0.0,8.0,0.0013217976447969237,0.0009613073780341264,0.0,0.7272727272727273,0.7272727272727273,0.0,1.0,1.0,8.0,4.0,4.0
37.0,0.5912731850994742,0.7327353829147737,0.9907969,0.7484249,4.0,2.5,3.5,2.0,3.0,3.25,3.0,4.25,4.5,3043.0,8322.0,5.469602366086099,0.00179802839121831,0.001743098941592546,0.9054656445412929,-0.12315740879216627,0.0,3.0,-0.12315740879216627,10.164564012185057,8.863203220884587,0.0008976388275877933,294.0,267.0,4.901360544217687,0.14232209737827714,0.3037542662116041,3064.0,8322.0,15.0,11.0,8.0,8.0,0.0,3.0,,8.0,0.0013217976447969237,0.0009613073780341264,0.0,0.7272727272727273,0.7272727272727273,0.0,1.0,1.0,8.0,4.0,4.0
38.0,0.5422304049783562,0.6147322950686838,0.24923949,0.98096955,4.0,2.5,3.5,2.0,3.0,3.25,3.0,4.25,4.5,3043.0,8322.0,5.469602366086099,0.00179802839121831,0.001743098941592546,0.9054656445412929,-0.12315740879216627,0.0,3.0,-0.12315740879216627,10.164564012185057,8.863203220884587,0.0008976388275877933,294.0,267.0,4.901360544217687,0.14232209737827714,0.3037542662116041,3064.0,8322.0,15.0,11.0,8.0,8.0,0.0,3.0,,8.0,0.0013217976447969237,0.0009613073780341264,0.0,0.7272727272727273,0.7272727272727273,0.0,1.0,1.0,8.0,4.0,4.0
39.0,0.0371482019277843,0.37725925887987977,0.13153566,0.33964974,2.75,2.75,2.0,1.5,2.0,2.25,2.25,4.25,4.5,3043.0,8322.0,5.469602366086099,0.00179802839121831,0.001743098941592546,0.9054656445412929,-0.12315740879216627,0.0,3.0,-0.12315740879216627,10.164564012185057,8.863203220884587,0.0008976388275877933,294.0,267.0,4.901360544217687,0.14232209737827714,0.3037542662116041,3064.0,8322.0,15.0,11.0,8.0,8.0,0.0,3.0,,8.0,0.0013217976447969237,0.0009613073780341264,0.0,0.7272727272727273,0.7272727272727273,0.0,1.0,1.0,8.0,4.0,4.0
40.0,0.0,0.5367872119737472,0.1543242,0.1944316,2.75,2.75,2.0,1.5,2.0,2.25,2.25,4.25,4.5,3043.0,8322.0,5.469602366086099,0.00179802839121831,0.001743098941592546,0.9054656445412929,-0.12315740879216627,0.0,3.0,-0.12315740879216627,10.164564012185057,8.863203220884587,0.0008976388275877933,294.0,267.0,4.901360544217687,0.14232209737827714,0.3037542662116041,3064.0,8322.0,15.0,11.0,8.0,8.0,0.0,3.0,,8.0,0.0013217976447969237,0.0009613073780341264,0.0,0.7272727272727273,0.7272727272727273,0.0,1.0,1.0,8.0,4.0,4.0
41.0,0.13972766502785575,0.461187377893015,0.039578445,0.23236902,2.75,2.75,2.5,2.75,2.5,2.5,2.75,4.0,4.25,3043.0,8322.0,5.469602366086099,0.00179802839121831,0.001743098941592546,0.9054656445412929,-0.12315740879216627,0.0,3.0,-0.12315740879216627,10.164564012185057,8.863203220884587,0.0008976388275877933,294.0,267.0,4.901360544217687,0.14232209737827714,0.3037542662116041,3064.0,8322.0,15.0,11.0,8.0,8.0,0.0,3.0,,8.0,0.0013217976447969237,0.0009613073780341264,0.0,0.7272727272727273,0.7272727272727273,0.0,1.0,1.0,8.0,4.0,4.0
42.0,0.0,0.4822404980164873,0.020849433,0.023401745,2.75,2.75,2.5,2.75,2.5,2.5,2.75,4.0,4.25,3043.0,8322.0,5.469602366086099,0.00179802839121831,0.001743098941592546,0.9054656445412929,-0.12315740879216627,0.0,3.0,-0.12315740879216627,10.164564012185057,8.863203220884587,0.0008976388275877933,294.0,267.0,4.901360544217687,0.14232209737827714,0.3037542662116041,3064.0,8322.0,15.0,11.0,8.0,8.0,0.0,3.0,,8.0,0.0013217976447969237,0.0009613073780341264,0.0,0.7272727272727273,0.7272727272727273,0.0,1.0,1.0,8.0,4.0,4.0
43.0,0.39960697797496725,0.5016812730455582,0.038231127,0.043753978,2.75,2.75,2.5,2.75,2.5,2.5,2.75,4.0,4.25,3043.0,8322.0,5.469602366086099,0.00179802839121831,0.001743098941592546,0.9054656445412929,-0.12315740879216627,0.0,3.0,-0.12315740879216627,10.164564012185057,8.863203220884587,0.0008976388275877933,294.0,267.0,4.901360544217687,0.14232209737827714,0.3037542662116041,3064.0,8322.0,15.0,11.0,8.0,8.0,0.0,3.0,,8.0,0.0013217976447969237,0.0009613073780341264,0.0,0.7272727272727273,0.7272727272727273,0.0,1.0,1.0,8.0,4.0,4.0
44.0,0.5246448590337878,0.7003996090706532,0.072191484,0.52485466,2.75,2.75,2.5,2.75,2.5,2.5,2.75,4.0,4.25,3043.0,8322.0,5.469602366086099,0.00179802839121831,0.001743098941592546,0.9054656445412929,-0.12315740879216627,0.0,3.0,-0.12315740879216627,10.164564012185057,8.863203220884587,0.0008976388275877933,294.0,267.0,4.901360544217687,0.14232209737827714,0.3037542662116041,3064.0,8322.0,15.0,11.0,8.0,8.0,0.0,3.0,,8.0,0.0013217976447969237,0.0009613073780341264,0.0,0.7272727272727273,0.7272727272727273,0.0,1.0,1.0,8.0,4.0,4.0
45.0,0.499598586889824,0.680765612105855,0.09798884,0.15095301,2.75,2.75,2.5,2.75,2.5,2.5,2.75,4.0,4.25,3043.0,8322.0,5.469602366086099,0.00179802839121831,0.001743098941592546,0.9054656445412929,-0.12315740879216627,0.0,3.0,-0.12315740879216627,10.164564012185057,8.863203220884587,0.0008976388275877933,294.0,267.0,4.901360544217687,0.14232209737827714,0.3037542662116041,3064.0,8322.0,15.0,11.0,8.0,8.0,0.0,3.0,,8.0,0.0013217976447969237,0.0009613073780341264,0.0,0.7272727272727273,0.7272727272727273,0.0,1.0,1.0,8.0,4.0,4.0
46.0,0.499598586889824,0.680765612105855,0.09798884,0.15095301,2.75,2.75,2.5,2.75,2.5,2.5,2.75,4.0,4.25,3043.0,8322.0,5.469602366086099,0.00179802839121831,0.001743098941592546,0.9054656445412929,-0.12315740879216627,0.0,3.0,-0.12315740879216627,10.164564012185057,8.863203220884587,0.0008976388275877933,294.0,267.0,4.901360544217687,0.14232209737827714,0.3037542662116041,3064.0,8322.0,15.0,11.0,8.0,8.0,0.0,3.0,,8.0,0.0013217976447969237,0.0009613073780341264,0.0,0.7272727272727273,0.7272727272727273,0.0,1.0,1.0,8.0,4.0,4.0
47.0,0.0,0.12115679695325275,0.4543256,0.6518643,2.75,2.75,2.5,2.75,2.5,2.5,2.75,4.0,4.25,3061.0,8372.0,5.470107807905913,0.0017876169306882067,0.0017590189174230865,0.9127205798905238,-0.12429144228105651,0.0,3.0,-0.12429144228105651,10.176285467824215,8.901321462510449,0.0008924491988608839,294.0,267.0,4.962585034013605,0.14232209737827714,0.3037542662116041,3102.0,8372.0,18.0,13.0,9.0,9.0,0.0,4.0,0.0,9.0,0.0015527950310559005,0.001075011944577162,0.0,0.6923076923076923,0.6923076923076923,0.0,1.0,1.0,9.0,3.0,3.0
48.0,0.49502870410120775,0.7021579590855007,0.95784885,0.7058762,3.0,3.0,3.0,3.0,3.0,3.0,3.0,3.0,3.0,3061.0,8372.0,5.470107807905913,0.0017876169306882067,0.0017590189174230865,0.9127205798905238,-0.12429144228105651,0.0,3.0,-0.12429144228105651,10.176285467824215,8.901321462510449,0.0008924491988608839,294.0,267.0,4.962585034013605,0.14232209737827714,0.3037542662116041,3102.0,8372.0,18.0,13.0,9.0,9.0,0.0,4.0,,9.0,0.0015527950310559005,0.001075011944577162,0.0,0.6923076923076923,0.6923076923076923,0.0,1.0,1.0,9.0,3.0,3.0
49.0,0.11417615690504625,0.25304083007357275,0.033804614,0.7549771,3.0,3.0,3.0,3.0,3.0,3.0,3.0,3.0,3.0,3075.0,8412.0,5.471219512195122,0.0017798371867908662,0.0017742986392085434,0.9170551722770253,-0.12575726018061784,0.0,3.0,-0.12575726018061784,10.185257265726609,8.933610551481602,0.0008885716174234913,294.0,267.0,5.003401360544218,0.14232209737827714,0.3037542662116041,3134.0,8412.0,19.0,14.0,10.0,10.0,0.0,4.0,0.0,10.0,0.0016642891107941037,0.0011887779362815027,0.0,0.7142857142857143,0.7142857142857143,0.0,1.0,1.0,10.0,3.3333333333333335,3.3333333333333335
50.0,0.2647005819075178,0.4764831730118757,0.8049559,0.8419052,2.0,3.75,4.0,4.0,4.25,4.25,4.0,2.75,2.75,3075.0,8412.0,5.471219512195122,0.0017798371867908662,0.0017742986392085434,0.9170551722770253,-0.12575726018061784,0.0,3.0,-0.12575726018061784,10.185257265726609,8.933610551481602,0.0008885716174234913,294.0,267.0,5.003401360544218,0.14232209737827714,0.3037542662116041,3134.0,8412.0,19.0,14.0,10.0,10.0,0.0,4.0,,10.0,0.0016642891107941037,0.0011887779362815027,0.0,0.7142857142857143,0.7142857142857143,0.0,1.0,1.0,10.0,3.3333333333333335,3.3333333333333335
51.0,0.30548694208274896,0.4657130489936683,0.9959459,0.6747563,2.0,3.75,4.0,4.0,4.25,4.25,4.0,2.75,2.75,3091.0,8453.0,5.469427369783242,0.0017700412199945766,0.0017766771789759937,0.9221093150589101,-0.12676570261079845,0.0,3.0,-0.12676570261079845,10.194928889482483,8.948920358645134,0.0008836876369870218,294.0,267.0,5.04421768707483,0.14232209737827714,0.3037542662116041,3165.0,8453.0,21.0,15.0,11.0,11.0,0.0,4.0,0.0,11.0,0.0017745179226310187,0.001301313143262747,0.0,0.7333333333333333,0.7333333333333333,0.0,1.0,1.0,11.0,3.6666666666666665,3.6666666666666665
52.0,0.27354927689758674,0.507672208886898,0.9964412,0.52449614,1.25,3.75,3.75,3.25,4.0,4.0,3.75,2.75,2.5,3091.0,8453.0,5.469427369783242,0.0017700412199945766,0.0017766771789759937,0.9221093150589101,-0.12676570261079845,0.0,3.0,-0.12676570261079845,10.194928889482483,8.948920358645134,0.0008836876369870218,294.0,267.0,5.04421768707483,0.14232209737827714,0.3037542662116041,3165.0,8453.0,21.0,15.0,11.0,11.0,0.0,4.0,,11.0,0.0017745179226310187,0.001301313143262747,0.0,0.7333333333333333,0.7333333333333333,0.0,1.0,1.0,11.0,3.6666666666666665,3.6666666666666665
53.0,0.6230636838774568,0.8293224278778037,0.99848044,0.28660712,1.25,3.75,3.75,3.25,4.0,4.0,3.75,2.75,2.5,3091.0,8453.0,5.469427369783242,0.0017700412199945766,0.0017766771789759937,0.9221093150589101,-0.12676570261079845,0.0,3.0,-0.12676570261079845,10.194928889482483,8.948920358645134,0.0008836876369870218,294.0,267.0,5.04421768707483,0.14232209737827714,0.3037542662116041,3165.0,8453.0,21.0,15.0,11.0,11.0,0.0,4.0,,11.0,0.0017745179226310187,0.001301313143262747,0.0,0.7333333333333333,0.7333333333333333,0.0,1.0,1.0,11.0,3.6666666666666665,3.6666666666666665
54.0,0.2942543470623998,0.5849746849713926,0.9979967,0.66113615,1.75,2.25,3.0,2.25,3.0,3.25,3.5,3.25,3.25,3091.0,8453.0,5.469427369783242,0.0017700412199945766,0.0017766771789759937,0.9221093150589101,-0.12676570261079845,0.0,3.0,-0.12676570261079845,10.194928889482483,8.948920358645134,0.0008836876369870218,294.0,267.0,5.04421768707483,0.14232209737827714,0.3037542662116041,3165.0,8453.0,21.0,15.0,11.0,11.0,0.0,4.0,,11.0,0.0017745179226310187,0.001301313143262747,0.0,0.7333333333333333,0.7333333333333333,0.0,1.0,1.0,11.0,3.6666666666666665,3.6666666666666665
55.0,0.4564114011076915,0.6769459641238352,0.99063593,0.9963594,1.75,2.25,3.0,2.25,3.0,3.25,3.5,3.25,3.25,3105.0,8492.0,5.469887278582931,0.0017622059531517175,0.0017931326785104779,0.9265478784825639,-0.12829568513841325,0.0,3.0,-0.12829568513841325,10.203493150709908,8.981310601472511,0.0008797819733897588,294.0,267.0,5.081632653061225,0.14232209737827714,0.3037542662116041,3196.0,8492.0,22.0,16.0,12.0,12.0,0.0,4.0,0.0,12.0,0.0018841262364578427,0.001413094677343382,0.0,0.75,0.75,0.0,1.0,1.0,12.0,4.0,4.0
56.0,0.47443554090814,0.7128803778965178,0.9932443,0.99673855,2.25,3.25,3.75,3.25,3.75,3.5,3.5,3.75,4.5,3105.0,8492.0,5.469887278582931,0.0017622059531517175,0.0017931326785104779,0.9265478784825639,-0.12829568513841325,0.0,3.0,-0.12829568513841325,10.203493150709908,8.981310601472511,0.0008797819733897588,294.0,267.0,5.081632653061225,0.14232209737827714,0.3037542662116041,3196.0,8492.0,22.0,16.0,12.0,12.0,0.0,4.0,,12.0,0.0018841262364578427,0.001413094677343382,0.0,0.75,0.75,0.0,1.0,1.0,12.0,4.0,4.0
57.0,0.0,0.49564245310802074,0.99754506,0.99703103,2.25,3.25,3.75,3.25,3.75,3.5,3.5,3.75,4.5,3105.0,8492.0,5.469887278582931,0.0017622059531517175,0.0017931326785104779,0.9265478784825639,-0.12829568513841325,0.0,3.0,-0.12829568513841325,10.203493150709908,8.981310601472511,0.0008797819733897588,294.0,267.0,5.081632653061225,0.14232209737827714,0.3037542662116041,3196.0,8492.0,22.0,16.0,12.0,12.0,0.0,4.0,,12.0,0.0018841262364578427,0.001413094677343382,0.0,0.75,0.75,0.0,1.0,1.0,12.0,4.0,4.0
58.0,0.519449722910675,0.6474104650023212,0.9967808,0.9965005,1.0,3.6666666666666665,2.0,2.0,1.3333333333333333,1.0,1.0,4.666666666666667,5.0,3105.0,8492.0,5.469887278582931,0.0017622059531517175,0.0017931326785104779,0.9265478784825639,-0.12829568513841325,0.0,3.0,-0.12829568513841325,10.203493150709908,8.981310601472511,0.0008797819733897588,294.0,267.0,5.081632653061225,0.14232209737827714,0.3037542662116041,3196.0,8492.0,22.0,16.0,12.0,12.0,0.0,4.0,,12.0,0.0018841262364578427,0.001413094677343382,0.0,0.75,0.75,0.0,1.0,1.0,12.0,4.0,4.0
59.0,0.16208127801557326,0.5287803308761725,0.044031657,0.9923849,1.0,3.6666666666666665,2.0,2.0,1.3333333333333333,1.0,1.0,4.666666666666667,5.0,3105.0,8492.0,5.469887278582931,0.0017622059531517175,0.0017931326785104779,0.9265478784825639,-0.12829568513841325,0.0,3.0,-0.12829568513841325,10.203493150709908,8.981310601472511,0.0008797819733897588,294.0,267.0,5.081632653061225,0.14232209737827714,0.3037542662116041,3196.0,8492.0,22.0,16.0,12.0,12.0,0.0,4.0,,12.0,0.0018841262364578427,0.001413094677343382,0.0,0.75,0.75,0.0,1.0,1.0,12.0,4.0,4.0
60.0,0.0,0.061218261929687504,0.9920301,0.9922123,1.0,3.6666666666666665,2.0,2.0,1.3333333333333333,1.0,1.0,4.666666666666667,5.0,3105.0,8492.0,5.469887278582931,0.0017622059531517175,0.0017931326785104779,0.9265478784825639,-0.12829568513841325,0.0,3.0,-0.12829568513841325,10.203493150709908,8.981310601472511,0.0008797819733897588,294.0,267.0,5.081632653061225,0.14232209737827714,0.3037542662116041,3196.0,8492.0,22.0,16.0,12.0,12.0,0.0,4.0,,12.0,0.0018841262364578427,0.001413094677343382,0.0,0.75,0.75,0.0,1.0,1.0,12.0,4.0,4.0
61.0,0.38235935592202375,0.551429449005454,0.9967539,0.9808711,1.0,3.6666666666666665,2.0,2.0,1.3333333333333333,1.0,1.0,4.666666666666667,5.0,3105.0,8492.0,5.469887278582931,0.0017622059531517175,0.0017931326785104779,0.9265478784825639,-0.12829568513841325,0.0,3.0,-0.12829568513841325,10.203493150709908,8.981310601472511,0.0008797819733897588,294.0,267.0,5.081632653061225,0.14232209737827714,0.3037542662116041,3196.0,8492.0,22.0,16.0,12.0,12.0,0.0,4.0,,12.0,0.0018841262364578427,0.001413094677343382,0.0,0.75,0.75,0.0,1.0,1.0,12.0,4.0,4.0
62.0,0.0,0.10809482608516875,0.13278116,0.31869346,1.0,3.6666666666666665,2.0,2.0,1.3333333333333333,1.0,1.0,4.666666666666667,5.0,3123.0,8542.0,5.470381043868076,0.0017522040499257125,0.0018148288875267603,0.9335873073394003,-0.12950804155030116,0.0,3.0,-0.12950804155030116,10.214426365498744,9.01923240598463,0.0008747961807949018,294.0,267.0,5.142857142857143,0.14232209737827714,0.3037542662116041,3234.0,8542.0,25.0,18.0,13.0,13.0,0.0,5.0,0.0,13.0,0.002107234839616015,0.0015218918286115663,0.0,0.7222222222222222,0.7222222222222222,0.0,1.0,1.0,13.0,3.25,3.25
63.0,0.5953789231040345,0.699143016084587,0.3358065,0.24972773,4.5,4.5,4.0,3.5,4.0,4.0,4.0,4.0,4.0,3123.0,8542.0,5.470381043868076,0.0017522040499257125,0.0018148288875267603,0.9335873073394003,-0.12950804155030116,0.0,3.0,-0.12950804155030116,10.214426365498744,9.01923240598463,0.0008747961807949018,294.0,267.0,5.142857142857143,0.14232209737827714,0.3037542662116041,3234.0,8542.0,25.0,18.0,13.0,13.0,0.0,5.0,,13.0,0.002107234839616015,0.0015218918286115663,0.0,0.7222222222222222,0.7222222222222222,0.0,1.0,1.0,13.0,3.25,3.25
64.0,0.4159744459102602,0.690346263087264,0.9484612,0.6903079,4.5,4.5,4.0,3.5,4.0,4.0,4.0,4.0,4.0,3137.0,8582.0,5.471469556901498,0.0017447288127874672,0.0018319813457977655,0.9377124290599579,-0.13082353765967272,0.0,3.0,-0.13082353765967272,10.2226587777461,9.048697323589238,0.0008710701368968218,294.0,267.0,5.183673469387755,0.14232209737827714,0.3037542662116041,3266.0,8582.0,26.0,19.0,14.0,14.0,0.0,5.0,0.0,14.0,0.002213936145420648,0.0016313213703099511,0.0,0.7368421052631579,0.7368421052631579,0.0,1.0,1.0,14.0,3.5,3.5
65.0,0.42487300895402,0.7315043509751625,0.99280614,0.9211134,4.25,4.5,4.25,4.25,4.25,4.25,4.5,4.5,4.5,3137.0,8582.0,5.471469556901498,0.0017447288127874672,0.0018319813457977655,0.9377124290599579,-0.13082353765967272,0.0,3.0,-0.13082353765967272,10.2226587777461,9.048697323589238,0.0008710701368968218,294.0,267.0,5.183673469387755,0.14232209737827714,0.3037542662116041,3266.0,8582.0,26.0,19.0,14.0,14.0,0.0,5.0,,14.0,0.002213936145420648,0.0016313213703099511,0.0,0.7368421052631579,0.7368421052631579,0.0,1.0,1.0,14.0,3.5,3.5
66.0,0.31130232199075303,0.5451347900604295,0.28221294,0.6366608,4.25,4.5,4.25,4.25,4.25,4.25,4.5,4.5,4.5,3154.0,8624.0,5.46861128725428,0.0017344152512699905,0.0018317065612175436,0.9419265655905307,-0.13170775179585875,0.0,3.0,-0.13170775179585875,10.231972943050094,9.060018117500466,0.0008659274148960425,294.0,267.0,5.224489795918367,0.14232209737827714,0.3037542662116041,3297.0,8624.0,28.0,20.0,15.0,15.0,0.0,5.0,0.0,15.0,0.002319109461966605,0.0017393320964749536,0.0,0.75,0.75,0.0,1.0,1.0,15.0,3.75,3.75
67.0,0.18432130794802826,0.393847278919375,0.9948686,0.7445173,1.0,1.75,1.25,1.0,1.25,1.25,1.5,1.25,1.0,3154.0,8624.0,5.46861128725428,0.0017344152512699905,0.0018317065612175436,0.9419265655905307,-0.13170775179585875,0.0,3.0,-0.13170775179585875,10.231972943050094,9.060018117500466,0.0008659274148960425,294.0,267.0,5.224489795918367,0.14232209737827714,0.3037542662116041,3297.0,8624.0,28.0,20.0,15.0,15.0,0.0,5.0,,15.0,0.002319109461966605,0.0017393320964749536,0.0,0.75,0.75,0.0,1.0,1.0,15.0,3.75,3.75
68.0,0.5763334600529385,0.7416617390873412,0.11861659,0.035483383,1.0,1.75,1.25,1.0,1.25,1.25,1.5,1.25,1.0,3154.0,8624.0,5.46861128725428,0.0017344152512699905,0.0018317065612175436,0.9419265655905307,-0.13170775179585875,0.0,3.0,-0.13170775179585875,10.231972943050094,9.060018117500466,0.0008659274148960425,294.0,267.0,5.224489795918367,0.14232209737827714,0.3037542662116041,3297.0,8624.0,28.0,20.0,15.0,15.0,0.0,5.0,,15.0,0.002319109461966605,0.0017393320964749536,0.0,0.75,0.75,0.0,1.0,1.0,15.0,3.75,3.75
69.0,0.3039460410359645,0.46401912897736947,0.9872703,0.32012588,1.0,1.0,1.0,1.0,1.0,1.0,1.0,1.0,1.0,3154.0,8624.0,5.46861128725428,0.0017344152512699905,0.0018317065612175436,0.9419265655905307,-0.13170775179585875,0.0,3.0,-0.13170775179585875,10.231972943050094,9.060018117500466,0.0008659274148960425,294.0,267.0,5.224489795918367,0.14232209737827714,0.3037542662116041,3297.0,8624.0,28.0,20.0,15.0,15.0,0.0,5.0,,15.0,0.002319109461966605,0.0017393320964749536,0.0,0.75,0.75,0.0,1.0,1.0,15.0,3.75,3.75
70.0,0.6775937971113243,0.7011595259156652,0.82109576,0.6002494,1.0,1.0,1.0,1.0,1.0,1.0,1.0,1.0,1.0,3154.0,8624.0,5.46861128725428,0.0017344152512699905,0.0018317065612175436,0.9419265655905307,-0.13170775179585875,0.0,3.0,-0.13170775179585875,10.231972943050094,9.060018117500466,0.0008659274148960425,294.0,267.0,5.224489795918367,0.14232209737827714,0.3037542662116041,3297.0,8624.0,28.0,20.0,15.0,15.0,0.0,5.0,,15.0,0.002319109461966605,0.0017393320964749536,0.0,0.75,0.75,0.0,1.0,1.0,15.0,3.75,3.75
71.0,0.554158128949502,0.747176310961446,0.04574248,0.65236294,2.0,2.5,3.0,2.0,3.5,3.5,3.5,2.0,1.5,3154.0,8624.0,5.46861128725428,0.0017344152512699905,0.0018317065612175436,0.9419265655905307,-0.13170775179585875,0.0,3.0,-0.13170775179585875,10.231972943050094,9.060018117500466,0.0008659274148960425,294.0,267.0,5.224489795918367,0.14232209737827714,0.3037542662116041,3297.0,8624.0,28.0,20.0,15.0,15.0,0.0,5.0,,15.0,0.002319109461966605,0.0017393320964749536,0.0,0.75,0.75,0.0,1.0,1.0,15.0,3.75,3.75
72.0,0.7193507550536727,0.8604702949880982,0.9920613,0.68031573,2.0,2.5,3.0,2.0,3.5,3.5,3.5,2.0,1.5,3168.0,8662.0,5.468434343434343,0.0017266922461112546,0.0018504009373054547,0.9463608035363711,-0.1329698778964907,0.0,3.0,-0.1329698778964907,10.23981283271866,9.089562804197941,0.0008620772115090297,294.0,267.0,5.258503401360544,0.14232209737827714,0.3037542662116041,3326.0,8662.0,29.0,21.0,16.0,16.0,0.0,5.0,0.0,16.0,0.0024243823597321634,0.0018471484645578389,0.0,0.7619047619047619,0.7619047619047619,0.0,1.0,1.0,16.0,4.0,4.0
73.0,0.497537268947837,0.7820942179592143,0.99583477,0.99696386,2.0,2.75,3.5,3.25,3.0,3.25,3.0,2.75,2.5,3168.0,8662.0,5.468434343434343,0.0017266922461112546,0.0018504009373054547,0.9463608035363711,-0.1329698778964907,0.0,3.0,-0.1329698778964907,10.23981283271866,9.089562804197941,0.0008620772115090297,294.0,267.0,5.258503401360544,0.14232209737827714,0.3037542662116041,3326.0,8662.0,29.0,21.0,16.0,16.0,0.0,5.0,,16.0,0.0024243823597321634,0.0018471484645578389,0.0,0.7619047619047619,0.7619047619047619,0.0,1.0,1.0,16.0,4.0,4.0
74.0,0.37024755494476325,0.5453373449265148,0.9974623,0.99718374,2.0,2.75,3.5,3.25,3.0,3.25,3.0,2.75,2.5,3168.0,8662.0,5.468434343434343,0.0017266922461112546,0.0018504009373054547,0.9463608035363711,-0.1329698778964907,0.0,3.0,-0.1329698778964907,10.23981283271866,9.089562804197941,0.0008620772115090297,294.0,267.0,5.258503401360544,0.14232209737827714,0.3037542662116041,3326.0,8662.0,29.0,21.0,16.0,16.0,0.0,5.0,,16.0,0.0024243823597321634,0.0018471484645578389,0.0,0.7619047619047619,0.7619047619047619,0.0,1.0,1.0,16.0,4.0,4.0
75.0,0.7563298640658838,0.9458296551107298,0.9976678,0.997114,2.0,2.75,2.5,2.5,2.75,2.75,2.5,2.5,2.25,3168.0,8662.0,5.468434343434343,0.0017266922461112546,0.0018504009373054547,0.9463608035363711,-0.1329698778964907,0.0,3.0,-0.1329698778964907,10.23981283271866,9.089562804197941,0.0008620772115090297,294.0,267.0,5.258503401360544,0.14232209737827714,0.3037542662116041,3326.0,8662.0,29.0,21.0,16.0,16.0,0.0,5.0,,16.0,0.0024243823597321634,0.0018471484645578389,0.0,0.7619047619047619,0.7619047619047619,0.0,1.0,1.0,16.0,4.0,4.0
76.0,0.0,0.4087787569642295,0.99795014,0.9972624,2.0,2.75,2.5,2.5,2.75,2.75,2.5,2.5,2.25,3168.0,8662.0,5.468434343434343,0.0017266922461112546,0.0018504009373054547,0.9463608035363711,-0.1329698778964907,0.0,3.0,-0.1329698778964907,10.23981283271866,9.089562804197941,0.0008620772115090297,294.0,267.0,5.258503401360544,0.14232209737827714,0.3037542662116041,3326.0,8662.0,29.0,21.0,16.0,16.0,0.0,5.0,,16.0,0.0024243823597321634,0.0018471484645578389,0.0,0.7619047619047619,0.7619047619047619,0.0,1.0,1.0,16.0,4.0,4.0
77.0,0.4943089229929995,0.6295323730943138,0.99801123,0.99719346,2.0,2.75,2.5,2.5,2.75,2.75,2.5,2.5,2.25,3168.0,8662.0,5.468434343434343,0.0017266922461112546,0.0018504009373054547,0.9463608035363711,-0.1329698778964907,0.0,3.0,-0.1329698778964907,10.23981283271866,9.089562804197941,0.0008620772115090297,294.0,267.0,5.258503401360544,0.14232209737827714,0.3037542662116041,3326.0,8662.0,29.0,21.0,16.0,16.0,0.0,5.0,,16.0,0.0024243823597321634,0.0018471484645578389,0.0,0.7619047619047619,0.7619047619047619,0.0,1.0,1.0,16.0,4.0,4.0
