Turn,GROUP A - Total nodes,GROUP A - Total edges,GROUP A - Average degree,GROUP A - Average degree centrality,GROUP A - Average closeness,GROUP A - Average degree connectivity,GROUP A - Average assortativity,GROUP A - Average node connectivity,GROUP A - Number of components,GROUP A - Number of strong components,GROUP A - Centrality entropy,GROUP A - Closeness entropy,GROUP A - Sparseness,GROUP B - Total classes,GROUP B - Total properties,GROUP B - Average population,GROUP B - Attribute richness,GROUP B - Relationship richness,GROUP B - Total axioms,GROUP C - Total triples,GROUP C - Total world instances,GROUP C - Total claims,GROUP C - Total perspectives,GROUP C - Total mentions,GROUP C - Total conflicts,GROUP C - Total sources,GROUP C - Total interactions,GROUP C - Total utterances,GROUP C - Ratio claim to triples,GROUP C - Ratio perspectives to triples,GROUP C - Ratio conflicts to triples,GROUP C - Ratio perspectives to claims,GROUP C - Ratio mentions to claims,GROUP C - Ratio conflicts to claims,GROUP C - Average perspectives per claim,GROUP C - Average mentions per claim,GROUP C - Average turns per interaction,GROUP C - Average claims per source,GROUP C - Average perspectives per source
0,2870.0,7906.0,5.509407665505226,0.0019203233410614242,0.0017210902516714033,0.8596768057594533,-0.11746526166007995,0.0,3.0,-0.11746526166007995,10.048989987248376,8.553952455944422,0.000958613070451262,294.0,267.0,4.442176870748299,0.14232209737827714,0.3037542662116041,2769.0,7906.0,0.0,0.0,0.0,0.0,0.0,0.0,0.0,0.0,0.0,0.0,0.0,0.0,0.0,0.0,0.0,0.0,0.0,0.0,0.0
1,2870.0,7906.0,5.509407665505226,0.0019203233410614242,0.0017210902516714033,0.8596768057594533,-0.11746526166007995,0.0,3.0,-0.11746526166007995,10.048989987248376,8.553952455944422,0.000958613070451262,294.0,267.0,4.442176870748299,0.14232209737827714,0.3037542662116041,2769.0,7906.0,0.0,0.0,0.0,0.0,0.0,0.0,,0.0,0.0,0.0,0.0,0.0,0.0,0.0,0.0,0.0,0.0,0.0,0.0
2,2870.0,7906.0,5.509407665505226,0.0019203233410614242,0.0017210902516714033,0.8596768057594533,-0.11746526166007995,0.0,3.0,-0.11746526166007995,10.048989987248376,8.553952455944422,0.000958613070451262,294.0,267.0,4.442176870748299,0.14232209737827714,0.3037542662116041,2769.0,7906.0,0.0,0.0,0.0,0.0,0.0,0.0,,0.0,0.0,0.0,0.0,0.0,0.0,0.0,0.0,0.0,0.0,0.0,0.0
3,2870.0,7906.0,5.509407665505226,0.0019203233410614242,0.0017210902516714033,0.8596768057594533,-0.11746526166007995,0.0,3.0,-0.11746526166007995,10.048989987248376,8.553952455944422,0.000958613070451262,294.0,267.0,4.442176870748299,0.14232209737827714,0.3037542662116041,2769.0,7906.0,0.0,0.0,0.0,0.0,0.0,0.0,,0.0,0.0,0.0,0.0,0.0,0.0,0.0,0.0,0.0,0.0,0.0,0.0
4,2870.0,7906.0,5.509407665505226,0.0019203233410614242,0.0017210902516714033,0.8596768057594533,-0.11746526166007995,0.0,3.0,-0.11746526166007995,10.048989987248376,8.553952455944422,0.000958613070451262,294.0,267.0,4.442176870748299,0.14232209737827714,0.3037542662116041,2769.0,7906.0,0.0,0.0,0.0,0.0,0.0,0.0,,0.0,0.0,0.0,0.0,0.0,0.0,0.0,0.0,0.0,0.0,0.0,0.0
5,2870.0,7906.0,5.509407665505226,0.0019203233410614242,0.0017210902516714033,0.8596768057594533,-0.11746526166007995,0.0,3.0,-0.11746526166007995,10.048989987248376,8.553952455944422,0.000958613070451262,294.0,267.0,4.442176870748299,0.14232209737827714,0.3037542662116041,2769.0,7906.0,0.0,0.0,0.0,0.0,0.0,0.0,,0.0,0.0,0.0,0.0,0.0,0.0,0.0,0.0,0.0,0.0,0.0,0.0
6,2870.0,7906.0,5.509407665505226,0.0019203233410614242,0.0017210902516714033,0.8596768057594533,-0.11746526166007995,0.0,3.0,-0.11746526166007995,10.048989987248376,8.553952455944422,0.000958613070451262,294.0,267.0,4.442176870748299,0.14232209737827714,0.3037542662116041,2769.0,7906.0,0.0,0.0,0.0,0.0,0.0,0.0,,0.0,0.0,0.0,0.0,0.0,0.0,0.0,0.0,0.0,0.0,0.0,0.0
7,2870.0,7906.0,5.509407665505226,0.0019203233410614242,0.0017210902516714033,0.8596768057594533,-0.11746526166007995,0.0,3.0,-0.11746526166007995,10.048989987248376,8.553952455944422,0.000958613070451262,294.0,267.0,4.442176870748299,0.14232209737827714,0.3037542662116041,2769.0,7906.0,0.0,0.0,0.0,0.0,0.0,0.0,,0.0,0.0,0.0,0.0,0.0,0.0,0.0,0.0,0.0,0.0,0.0,0.0
8,2870.0,7906.0,5.509407665505226,0.0019203233410614242,0.0017210902516714033,0.8596768057594533,-0.11746526166007995,0.0,3.0,-0.11746526166007995,10.048989987248376,8.553952455944422,0.000958613070451262,294.0,267.0,4.442176870748299,0.14232209737827714,0.3037542662116041,2769.0,7906.0,0.0,0.0,0.0,0.0,0.0,0.0,,0.0,0.0,0.0,0.0,0.0,0.0,0.0,0.0,0.0,0.0,0.0,0.0
9,2870.0,7906.0,5.509407665505226,0.0019203233410614242,0.0017210902516714033,0.8596768057594533,-0.11746526166007995,0.0,3.0,-0.11746526166007995,10.048989987248376,8.553952455944422,0.000958613070451262,294.0,267.0,4.442176870748299,0.14232209737827714,0.3037542662116041,2769.0,7906.0,0.0,0.0,0.0,0.0,0.0,0.0,,0.0,0.0,0.0,0.0,0.0,0.0,0.0,0.0,0.0,0.0,0.0,0.0
10,2870.0,7906.0,5.509407665505226,0.0019203233410614242,0.0017210902516714033,0.8596768057594533,-0.11746526166007995,0.0,3.0,-0.11746526166007995,10.048989987248376,8.553952455944422,0.000958613070451262,294.0,267.0,4.442176870748299,0.14232209737827714,0.3037542662116041,2769.0,7906.0,0.0,0.0,0.0,0.0,0.0,0.0,,0.0,0.0,0.0,0.0,0.0,0.0,0.0,0.0,0.0,0.0,0.0,0.0
11,2870.0,7906.0,5.509407665505226,0.0019203233410614242,0.0017210902516714033,0.8596768057594533,-0.11746526166007995,0.0,3.0,-0.11746526166007995,10.048989987248376,8.553952455944422,0.000958613070451262,294.0,267.0,4.442176870748299,0.14232209737827714,0.3037542662116041,2769.0,7906.0,0.0,0.0,0.0,0.0,0.0,0.0,,0.0,0.0,0.0,0.0,0.0,0.0,0.0,0.0,0.0,0.0,0.0,0.0
12,2870.0,7906.0,5.509407665505226,0.0019203233410614242,0.0017210902516714033,0.8596768057594533,-0.11746526166007995,0.0,3.0,-0.11746526166007995,10.048989987248376,8.553952455944422,0.000958613070451262,294.0,267.0,4.442176870748299,0.14232209737827714,0.3037542662116041,2769.0,7906.0,0.0,0.0,0.0,0.0,0.0,0.0,,0.0,0.0,0.0,0.0,0.0,0.0,0.0,0.0,0.0,0.0,0.0,0.0
13,2929.0,8022.0,5.477637418914306,0.001870777807006252,0.0016964286771318931,0.8698510963130963,-0.11527670061692656,0.0,3.0,-0.11527670061692656,10.08716073763424,8.631642425435468,0.0009339039176989596,294.0,267.0,4.6020408163265305,0.14232209737827714,0.3037542662116041,2840.0,8022.0,5.0,3.0,1.0,1.0,0.0,2.0,0.0,1.0,0.00037397157816005983,0.00012465719272001995,0.0,0.3333333333333333,0.3333333333333333,0.0,1.0,1.0,1.0,1.0,1.0
14,2929.0,8022.0,5.477637418914306,0.001870777807006252,0.0016964286771318931,0.8698510963130963,-0.11527670061692656,0.0,3.0,-0.11527670061692656,10.08716073763424,8.631642425435468,0.0009339039176989596,294.0,267.0,4.6020408163265305,0.14232209737827714,0.3037542662116041,2840.0,8022.0,5.0,3.0,1.0,1.0,0.0,2.0,,1.0,0.00037397157816005983,0.00012465719272001995,0.0,0.3333333333333333,0.3333333333333333,0.0,1.0,1.0,1.0,1.0,1.0
15,2929.0,8022.0,5.477637418914306,0.001870777807006252,0.0016964286771318931,0.8698510963130963,-0.11527670061692656,0.0,3.0,-0.11527670061692656,10.08716073763424,8.631642425435468,0.0009339039176989596,294.0,267.0,4.6020408163265305,0.14232209737827714,0.3037542662116041,2840.0,8022.0,5.0,3.0,1.0,1.0,0.0,2.0,,1.0,0.00037397157816005983,0.00012465719272001995,0.0,0.3333333333333333,0.3333333333333333,0.0,1.0,1.0,1.0,1.0,1.0
16,2929.0,8022.0,5.477637418914306,0.001870777807006252,0.0016964286771318931,0.8698510963130963,-0.11527670061692656,0.0,3.0,-0.11527670061692656,10.08716073763424,8.631642425435468,0.0009339039176989596,294.0,267.0,4.6020408163265305,0.14232209737827714,0.3037542662116041,2840.0,8022.0,5.0,3.0,1.0,1.0,0.0,2.0,,1.0,0.00037397157816005983,0.00012465719272001995,0.0,0.3333333333333333,0.3333333333333333,0.0,1.0,1.0,1.0,1.0,1.0
17,2945.0,8061.0,5.474363327674023,0.0018594984129327525,0.001699006111290272,0.8740006642917333,-0.11637003784196405,0.0,3.0,-0.11637003784196405,10.098143751321572,8.665540302954762,0.0009282805019010091,294.0,267.0,4.636054421768708,0.14232209737827714,0.3037542662116041,2868.0,8061.0,6.0,4.0,2.0,2.0,0.0,2.0,0.0,2.0,0.0004962163503287433,0.00024810817516437165,0.0,0.5,0.5,0.0,1.0,1.0,2.0,2.0,2.0
18,2945.0,8061.0,5.474363327674023,0.0018594984129327525,0.001699006111290272,0.8740006642917333,-0.11637003784196405,0.0,3.0,-0.11637003784196405,10.098143751321572,8.665540302954762,0.0009282805019010091,294.0,267.0,4.636054421768708,0.14232209737827714,0.3037542662116041,2868.0,8061.0,6.0,4.0,2.0,2.0,0.0,2.0,,2.0,0.0004962163503287433,0.00024810817516437165,0.0,0.5,0.5,0.0,1.0,1.0,2.0,2.0,2.0
19,2961.0,8104.0,5.473826409996623,0.0018492656790529132,0.0017053436510980579,0.8780110390063778,-0.11860994593676222,0.0,3.0,-0.11860994593676222,10.109223614016086,8.703310696155835,0.0009231799958049716,294.0,267.0,4.6768707482993195,0.14232209737827714,0.3037542662116041,2898.0,8104.0,7.0,5.0,3.0,3.0,0.0,2.0,0.0,3.0,0.0006169792694965449,0.00037018756169792695,0.0,0.6,0.6,0.0,1.0,1.0,3.0,3.0,3.0
20,2961.0,8104.0,5.473826409996623,0.0018492656790529132,0.0017053436510980579,0.8780110390063778,-0.11860994593676222,0.0,3.0,-0.11860994593676222,10.109223614016086,8.703310696155835,0.0009231799958049716,294.0,267.0,4.6768707482993195,0.14232209737827714,0.3037542662116041,2898.0,8104.0,7.0,5.0,3.0,3.0,0.0,2.0,,3.0,0.0006169792694965449,0.00037018756169792695,0.0,0.6,0.6,0.0,1.0,1.0,3.0,3.0,3.0
21,2986.0,8169.0,5.471533824514401,0.001833009656453736,0.001717900187753655,0.8877246997498833,-0.12042491782361896,0.0,3.0,-0.12042491782361896,10.125942897973882,8.756366788116004,0.0009150763397305308,294.0,267.0,4.738095238095238,0.14232209737827714,0.3037542662116041,2948.0,8169.0,10.0,7.0,5.0,5.0,0.0,2.0,0.0,4.0,0.000856898029134533,0.0006120700208103807,0.0,0.7142857142857143,0.7142857142857143,0.0,1.0,1.0,4.0,5.0,5.0
22,2986.0,8169.0,5.471533824514401,0.001833009656453736,0.001717900187753655,0.8877246997498833,-0.12042491782361896,0.0,3.0,-0.12042491782361896,10.125942897973882,8.756366788116004,0.0009150763397305308,294.0,267.0,4.738095238095238,0.14232209737827714,0.3037542662116041,2948.0,8169.0,10.0,7.0,5.0,5.0,0.0,2.0,,4.0,0.000856898029134533,0.0006120700208103807,0.0,0.7142857142857143,0.7142857142857143,0.0,1.0,1.0,4.0,5.0,5.0
23,2986.0,8169.0,5.471533824514401,0.001833009656453736,0.001717900187753655,0.8877246997498833,-0.12042491782361896,0.0,3.0,-0.12042491782361896,10.125942897973882,8.756366788116004,0.0009150763397305308,294.0,267.0,4.738095238095238,0.14232209737827714,0.3037542662116041,2948.0,8169.0,10.0,7.0,5.0,5.0,0.0,2.0,,4.0,0.000856898029134533,0.0006120700208103807,0.0,0.7142857142857143,0.7142857142857143,0.0,1.0,1.0,4.0,5.0,5.0
24,2986.0,8169.0,5.471533824514401,0.001833009656453736,0.001717900187753655,0.8877246997498833,-0.12042491782361896,0.0,3.0,-0.12042491782361896,10.125942897973882,8.756366788116004,0.0009150763397305308,294.0,267.0,4.738095238095238,0.14232209737827714,0.3037542662116041,2948.0,8169.0,10.0,7.0,5.0,5.0,0.0,2.0,,4.0,0.000856898029134533,0.0006120700208103807,0.0,0.7142857142857143,0.7142857142857143,0.0,1.0,1.0,4.0,5.0,5.0
25,2999.0,8206.0,5.472490830276759,0.0018253805304458831,0.0017309726714948243,0.8932495904177125,-0.12196029169172982,0.0,3.0,-0.12196029169172982,10.134867921600284,8.790957617470655,0.0009112740814683031,294.0,267.0,4.772108843537415,0.14232209737827714,0.3037542662116041,2976.0,8206.0,11.0,8.0,6.0,6.0,0.0,2.0,0.0,5.0,0.0009748964172556666,0.00073117231294175,0.0,0.75,0.75,0.0,1.0,1.0,5.0,6.0,6.0
26,2999.0,8206.0,5.472490830276759,0.0018253805304458831,0.0017309726714948243,0.8932495904177125,-0.12196029169172982,0.0,3.0,-0.12196029169172982,10.134867921600284,8.790957617470655,0.0009112740814683031,294.0,267.0,4.772108843537415,0.14232209737827714,0.3037542662116041,2976.0,8206.0,11.0,8.0,6.0,6.0,0.0,2.0,,5.0,0.0009748964172556666,0.00073117231294175,0.0,0.75,0.75,0.0,1.0,1.0,5.0,6.0,6.0
27,2999.0,8206.0,5.472490830276759,0.0018253805304458831,0.0017309726714948243,0.8932495904177125,-0.12196029169172982,0.0,3.0,-0.12196029169172982,10.134867921600284,8.790957617470655,0.0009112740814683031,294.0,267.0,4.772108843537415,0.14232209737827714,0.3037542662116041,2976.0,8206.0,11.0,8.0,6.0,6.0,0.0,2.0,,5.0,0.0009748964172556666,0.00073117231294175,0.0,0.75,0.75,0.0,1.0,1.0,5.0,6.0,6.0
28,2999.0,8206.0,5.472490830276759,0.0018253805304458831,0.0017309726714948243,0.8932495904177125,-0.12196029169172982,0.0,3.0,-0.12196029169172982,10.134867921600284,8.790957617470655,0.0009112740814683031,294.0,267.0,4.772108843537415,0.14232209737827714,0.3037542662116041,2976.0,8206.0,11.0,8.0,6.0,6.0,0.0,2.0,,5.0,0.0009748964172556666,0.00073117231294175,0.0,0.75,0.75,0.0,1.0,1.0,5.0,6.0,6.0
29,3016.0,8246.0,5.468169761273209,0.0018136549788634194,0.0017320880066324237,0.8982379576899464,-0.1226813852379604,0.0,3.0,-0.1226813852379604,10.145329205304456,8.811645896206407,0.0009054274637829014,294.0,267.0,4.809523809523809,0.14232209737827714,0.3037542662116041,3005.0,8246.0,13.0,9.0,7.0,7.0,0.0,2.0,0.0,6.0,0.00109143827310211,0.0008488964346349745,0.0,0.7777777777777778,0.7777777777777778,0.0,1.0,1.0,6.0,7.0,7.0
30,3016.0,8246.0,5.468169761273209,0.0018136549788634194,0.0017320880066324237,0.8982379576899464,-0.1226813852379604,0.0,3.0,-0.1226813852379604,10.145329205304456,8.811645896206407,0.0009054274637829014,294.0,267.0,4.809523809523809,0.14232209737827714,0.3037542662116041,3005.0,8246.0,13.0,9.0,7.0,7.0,0.0,2.0,,6.0,0.00109143827310211,0.0008488964346349745,0.0,0.7777777777777778,0.7777777777777778,0.0,1.0,1.0,6.0,7.0,7.0
31,3029.0,8283.0,5.469131726642456,0.001806186171282185,0.0017472320465169637,0.9037666414382156,-0.12432436876828631,0.0,3.0,-0.12432436876828631,10.153782123521157,8.845285828161927,0.0009017049995743796,294.0,267.0,4.843537414965986,0.14232209737827714,0.3037542662116041,3033.0,8283.0,14.0,10.0,8.0,8.0,0.0,2.0,0.0,7.0,0.0012072920439454304,0.0009658336351563443,0.0,0.8,0.8,0.0,1.0,1.0,7.0,8.0,8.0
32,3029.0,8283.0,5.469131726642456,0.001806186171282185,0.0017472320465169637,0.9037666414382156,-0.12432436876828631,0.0,3.0,-0.12432436876828631,10.153782123521157,8.845285828161927,0.0009017049995743796,294.0,267.0,4.843537414965986,0.14232209737827714,0.3037542662116041,3033.0,8283.0,14.0,10.0,8.0,8.0,0.0,2.0,,7.0,0.0012072920439454304,0.0009658336351563443,0.0,0.8,0.8,0.0,1.0,1.0,7.0,8.0,8.0
33,3036.0,8309.0,5.47364953886693,0.0018035089090171102,0.0017533816260094787,0.9071752109572262,-0.12638578298867845,0.0,3.0,-0.12638578298867845,10.158770179687274,8.860274284044628,0.000900372517059233,294.0,267.0,4.863945578231292,0.14232209737827714,0.3037542662116041,3054.0,8309.0,14.0,10.0,8.0,9.0,0.0,2.0,0.0,8.0,0.0012035142616440004,0.0009628114093152004,0.0,0.8,0.9,0.0,1.0,1.125,8.0,8.0,8.0
34,3036.0,8309.0,5.47364953886693,0.0018035089090171102,0.0017533816260094787,0.9071752109572262,-0.12638578298867845,0.0,3.0,-0.12638578298867845,10.158770179687274,8.860274284044628,0.000900372517059233,294.0,267.0,4.863945578231292,0.14232209737827714,0.3037542662116041,3054.0,8309.0,14.0,10.0,8.0,9.0,0.0,2.0,,8.0,0.0012035142616440004,0.0009628114093152004,0.0,0.8,0.9,0.0,1.0,1.125,8.0,8.0,8.0
35,3036.0,8309.0,5.47364953886693,0.0018035089090171102,0.0017533816260094787,0.9071752109572262,-0.12638578298867845,0.0,3.0,-0.12638578298867845,10.158770179687274,8.860274284044628,0.000900372517059233,294.0,267.0,4.863945578231292,0.14232209737827714,0.3037542662116041,3054.0,8309.0,14.0,10.0,8.0,9.0,0.0,2.0,,8.0,0.0012035142616440004,0.0009628114093152004,0.0,0.8,0.9,0.0,1.0,1.125,8.0,8.0,8.0
36,3036.0,8309.0,5.47364953886693,0.0018035089090171102,0.0017533816260094787,0.9071752109572262,-0.12638578298867845,0.0,3.0,-0.12638578298867845,10.158770179687274,8.860274284044628,0.000900372517059233,294.0,267.0,4.863945578231292,0.14232209737827714,0.3037542662116041,3054.0,8309.0,14.0,10.0,8.0,9.0,0.0,2.0,,8.0,0.0012035142616440004,0.0009628114093152004,0.0,0.8,0.9,0.0,1.0,1.125,8.0,8.0,8.0
37,3043.0,8335.0,5.478146565888926,0.0018008371354006987,0.0017551186785372235,0.9103675351070022,-0.12822698124462667,0.0,3.0,-0.12822698124462667,10.163949709031963,8.86980979414644,0.0008990427381699204,294.0,267.0,4.884353741496598,0.14232209737827714,0.3037542662116041,3075.0,8335.0,14.0,10.0,8.0,10.0,0.0,2.0,0.0,9.0,0.0011997600479904018,0.0009598080383923216,0.0,0.8,1.0,0.0,1.0,1.25,9.0,8.0,8.0
38,3043.0,8335.0,5.478146565888926,0.0018008371354006987,0.0017551186785372235,0.9103675351070022,-0.12822698124462667,0.0,3.0,-0.12822698124462667,10.163949709031963,8.86980979414644,0.0008990427381699204,294.0,267.0,4.884353741496598,0.14232209737827714,0.3037542662116041,3075.0,8335.0,14.0,10.0,8.0,10.0,0.0,2.0,,9.0,0.0011997600479904018,0.0009598080383923216,0.0,0.8,1.0,0.0,1.0,1.25,9.0,8.0,8.0
39,3050.0,8361.0,5.482622950819672,0.0017981708595669638,0.0017615292133661487,0.9136677152467386,-0.13039336562579504,0.0,3.0,-0.13039336562579504,10.168602616738903,8.884433886548443,0.0008977156678312281,294.0,267.0,4.904761904761905,0.14232209737827714,0.3037542662116041,3096.0,8361.0,14.0,10.0,8.0,11.0,0.0,2.0,0.0,10.0,0.001196029183112068,0.0009568233464896543,0.0,0.8,1.1,0.0,1.0,1.375,10.0,8.0,8.0
40,3050.0,8361.0,5.482622950819672,0.0017981708595669638,0.0017615292133661487,0.9136677152467386,-0.13039336562579504,0.0,3.0,-0.13039336562579504,10.168602616738903,8.884433886548443,0.0008977156678312281,294.0,267.0,4.904761904761905,0.14232209737827714,0.3037542662116041,3096.0,8361.0,14.0,10.0,8.0,11.0,0.0,2.0,,10.0,0.001196029183112068,0.0009568233464896543,0.0,0.8,1.1,0.0,1.0,1.375,10.0,8.0,8.0
41,3057.0,8387.0,5.4870788354596005,0.0017955100901373042,0.001768236173361023,0.9170247480378976,-0.13262900034037886,0.0,3.0,-0.13262900034037886,10.173044584797495,8.899006586841963,0.000896391310707719,294.0,267.0,4.925170068027211,0.14232209737827714,0.3037542662116041,3117.0,8387.0,14.0,10.0,8.0,12.0,0.0,2.0,0.0,11.0,0.001192321449862883,0.0009538571598903064,0.0,0.8,1.2,0.0,1.0,1.5,11.0,8.0,8.0
42,3057.0,8387.0,5.4870788354596005,0.0017955100901373042,0.001768236173361023,0.9170247480378976,-0.13262900034037886,0.0,3.0,-0.13262900034037886,10.173044584797495,8.899006586841963,0.000896391310707719,294.0,267.0,4.925170068027211,0.14232209737827714,0.3037542662116041,3117.0,8387.0,14.0,10.0,8.0,12.0,0.0,2.0,,11.0,0.001192321449862883,0.0009538571598903064,0.0,0.8,1.2,0.0,1.0,1.5,11.0,8.0,8.0
43,3057.0,8387.0,5.4870788354596005,0.0017955100901373042,0.001768236173361023,0.9170247480378976,-0.13262900034037886,0.0,3.0,-0.13262900034037886,10.173044584797495,8.899006586841963,0.000896391310707719,294.0,267.0,4.925170068027211,0.14232209737827714,0.3037542662116041,3117.0,8387.0,14.0,10.0,8.0,12.0,0.0,2.0,,11.0,0.001192321449862883,0.0009538571598903064,0.0,0.8,1.2,0.0,1.0,1.5,11.0,8.0,8.0
44,3057.0,8387.0,5.4870788354596005,0.0017955100901373042,0.001768236173361023,0.9170247480378976,-0.13262900034037886,0.0,3.0,-0.13262900034037886,10.173044584797495,8.899006586841963,0.000896391310707719,294.0,267.0,4.925170068027211,0.14232209737827714,0.3037542662116041,3117.0,8387.0,14.0,10.0,8.0,12.0,0.0,2.0,,11.0,0.001192321449862883,0.0009538571598903064,0.0,0.8,1.2,0.0,1.0,1.5,11.0,8.0,8.0
45,3057.0,8387.0,5.4870788354596005,0.0017955100901373042,0.001768236173361023,0.9170247480378976,-0.13262900034037886,0.0,3.0,-0.13262900034037886,10.173044584797495,8.899006586841963,0.000896391310707719,294.0,267.0,4.925170068027211,0.14232209737827714,0.3037542662116041,3117.0,8387.0,14.0,10.0,8.0,12.0,0.0,2.0,,11.0,0.001192321449862883,0.0009538571598903064,0.0,0.8,1.2,0.0,1.0,1.5,11.0,8.0,8.0
46,3057.0,8387.0,5.4870788354596005,0.0017955100901373042,0.001768236173361023,0.9170247480378976,-0.13262900034037886,0.0,3.0,-0.13262900034037886,10.173044584797495,8.899006586841963,0.000896391310707719,294.0,267.0,4.925170068027211,0.14232209737827714,0.3037542662116041,3117.0,8387.0,14.0,10.0,8.0,12.0,0.0,2.0,,11.0,0.001192321449862883,0.0009538571598903064,0.0,0.8,1.2,0.0,1.0,1.5,11.0,8.0,8.0
47,3057.0,8387.0,5.4870788354596005,0.0017955100901373042,0.001768236173361023,0.9170247480378976,-0.13262900034037886,0.0,3.0,-0.13262900034037886,10.173044584797495,8.899006586841963,0.000896391310707719,294.0,267.0,4.925170068027211,0.14232209737827714,0.3037542662116041,3117.0,8387.0,14.0,10.0,8.0,12.0,0.0,2.0,,11.0,0.001192321449862883,0.0009538571598903064,0.0,0.8,1.2,0.0,1.0,1.5,11.0,8.0,8.0
48,3057.0,8387.0,5.4870788354596005,0.0017955100901373042,0.001768236173361023,0.9170247480378976,-0.13262900034037886,0.0,3.0,-0.13262900034037886,10.173044584797495,8.899006586841963,0.000896391310707719,294.0,267.0,4.925170068027211,0.14232209737827714,0.3037542662116041,3117.0,8387.0,14.0,10.0,8.0,12.0,0.0,2.0,,11.0,0.001192321449862883,0.0009538571598903064,0.0,0.8,1.2,0.0,1.0,1.5,11.0,8.0,8.0
49,3057.0,8387.0,5.4870788354596005,0.0017955100901373042,0.001768236173361023,0.9170247480378976,-0.13262900034037886,0.0,3.0,-0.13262900034037886,10.173044584797495,8.899006586841963,0.000896391310707719,294.0,267.0,4.925170068027211,0.14232209737827714,0.3037542662116041,3117.0,8387.0,14.0,10.0,8.0,12.0,0.0,2.0,,11.0,0.001192321449862883,0.0009538571598903064,0.0,0.8,1.2,0.0,1.0,1.5,11.0,8.0,8.0
50,3057.0,8387.0,5.4870788354596005,0.0017955100901373042,0.001768236173361023,0.9170247480378976,-0.13262900034037886,0.0,3.0,-0.13262900034037886,10.173044584797495,8.899006586841963,0.000896391310707719,294.0,267.0,4.925170068027211,0.14232209737827714,0.3037542662116041,3117.0,8387.0,14.0,10.0,8.0,12.0,0.0,2.0,,11.0,0.001192321449862883,0.0009538571598903064,0.0,0.8,1.2,0.0,1.0,1.5,11.0,8.0,8.0
51,3064.0,8413.0,5.491514360313316,0.0017928548352312492,0.001769809307168928,0.9201392165514876,-0.1343774214813506,0.0,3.0,-0.1343774214813506,10.178004548148335,8.907576962899586,0.0008950696712091568,294.0,267.0,4.945578231292517,0.14232209737827714,0.3037542662116041,3138.0,8413.0,14.0,10.0,8.0,13.0,0.0,2.0,0.0,12.0,0.001188636633781053,0.0009509093070248425,0.0,0.8,1.3,0.0,1.0,1.625,12.0,8.0,8.0
52,3064.0,8413.0,5.491514360313316,0.0017928548352312492,0.001769809307168928,0.9201392165514876,-0.1343774214813506,0.0,3.0,-0.1343774214813506,10.178004548148335,8.907576962899586,0.0008950696712091568,294.0,267.0,4.945578231292517,0.14232209737827714,0.3037542662116041,3138.0,8413.0,14.0,10.0,8.0,13.0,0.0,2.0,,12.0,0.001188636633781053,0.0009509093070248425,0.0,0.8,1.3,0.0,1.0,1.625,12.0,8.0,8.0
53,3064.0,8413.0,5.491514360313316,0.0017928548352312492,0.001769809307168928,0.9201392165514876,-0.1343774214813506,0.0,3.0,-0.1343774214813506,10.178004548148335,8.907576962899586,0.0008950696712091568,294.0,267.0,4.945578231292517,0.14232209737827714,0.3037542662116041,3138.0,8413.0,14.0,10.0,8.0,13.0,0.0,2.0,,12.0,0.001188636633781053,0.0009509093070248425,0.0,0.8,1.3,0.0,1.0,1.625,12.0,8.0,8.0
54,3064.0,8413.0,5.491514360313316,0.0017928548352312492,0.001769809307168928,0.9201392165514876,-0.1343774214813506,0.0,3.0,-0.1343774214813506,10.178004548148335,8.907576962899586,0.0008950696712091568,294.0,267.0,4.945578231292517,0.14232209737827714,0.3037542662116041,3138.0,8413.0,14.0,10.0,8.0,13.0,0.0,2.0,,12.0,0.001188636633781053,0.0009509093070248425,0.0,0.8,1.3,0.0,1.0,1.625,12.0,8.0,8.0
55,3080.0,8452.0,5.488311688311688,0.0017824981124753777,0.0017710086981547358,0.9254116116868669,-0.13495195957821451,0.0,3.0,-0.13495195957821451,10.187226592614099,8.921623810597506,0.0008899055489964581,294.0,267.0,4.982993197278912,0.14232209737827714,0.3037542662116041,3167.0,8452.0,16.0,11.0,9.0,14.0,0.0,2.0,0.0,13.0,0.0013014671083767155,0.0010648367250354945,0.0,0.8181818181818182,1.2727272727272727,0.0,1.0,1.5555555555555556,13.0,9.0,9.0
56,3080.0,8452.0,5.488311688311688,0.0017824981124753777,0.0017710086981547358,0.9254116116868669,-0.13495195957821451,0.0,3.0,-0.13495195957821451,10.187226592614099,8.921623810597506,0.0008899055489964581,294.0,267.0,4.982993197278912,0.14232209737827714,0.3037542662116041,3167.0,8452.0,16.0,11.0,9.0,14.0,0.0,2.0,,13.0,0.0013014671083767155,0.0010648367250354945,0.0,0.8181818181818182,1.2727272727272727,0.0,1.0,1.5555555555555556,13.0,9.0,9.0
57,3093.0,8489.0,5.489169091496929,0.001775281077456963,0.0017901059972437732,0.9310738187580083,-0.13625761179538368,0.0,3.0,-0.13625761179538368,10.194763888445983,8.953516020896146,0.0008863082569455617,294.0,267.0,5.017006802721088,0.14232209737827714,0.3037542662116041,3195.0,8489.0,17.0,12.0,10.0,15.0,0.0,2.0,0.0,14.0,0.0014135940629049358,0.0011779950524207798,0.0,0.8333333333333334,1.25,0.0,1.0,1.5,14.0,10.0,10.0
58,3093.0,8489.0,5.489169091496929,0.001775281077456963,0.0017901059972437732,0.9310738187580083,-0.13625761179538368,0.0,3.0,-0.13625761179538368,10.194763888445983,8.953516020896146,0.0008863082569455617,294.0,267.0,5.017006802721088,0.14232209737827714,0.3037542662116041,3195.0,8489.0,17.0,12.0,10.0,15.0,0.0,2.0,,14.0,0.0014135940629049358,0.0011779950524207798,0.0,0.8333333333333334,1.25,0.0,1.0,1.5,14.0,10.0,10.0
59,3093.0,8489.0,5.489169091496929,0.001775281077456963,0.0017901059972437732,0.9310738187580083,-0.13625761179538368,0.0,3.0,-0.13625761179538368,10.194763888445983,8.953516020896146,0.0008863082569455617,294.0,267.0,5.017006802721088,0.14232209737827714,0.3037542662116041,3195.0,8489.0,17.0,12.0,10.0,15.0,0.0,2.0,,14.0,0.0014135940629049358,0.0011779950524207798,0.0,0.8333333333333334,1.25,0.0,1.0,1.5,14.0,10.0,10.0
60,3093.0,8489.0,5.489169091496929,0.001775281077456963,0.0017901059972437732,0.9310738187580083,-0.13625761179538368,0.0,3.0,-0.13625761179538368,10.194763888445983,8.953516020896146,0.0008863082569455617,294.0,267.0,5.017006802721088,0.14232209737827714,0.3037542662116041,3195.0,8489.0,17.0,12.0,10.0,15.0,0.0,2.0,,14.0,0.0014135940629049358,0.0011779950524207798,0.0,0.8333333333333334,1.25,0.0,1.0,1.5,14.0,10.0,10.0
61,3109.0,8531.0,5.487938243808299,0.0017657458956912158,0.001791320512315962,0.9357168926760903,-0.13700577801440428,0.0,3.0,-0.13700577801440428,10.204016483655106,8.965888354944605,0.0008815544077151374,294.0,267.0,5.061224489795919,0.14232209737827714,0.3037542662116041,3226.0,8531.0,19.0,13.0,11.0,16.0,0.0,2.0,0.0,15.0,0.0015238541788770367,0.0012894150744344156,0.0,0.8461538461538461,1.2307692307692308,0.0,1.0,1.4545454545454546,15.0,11.0,11.0
62,3109.0,8531.0,5.487938243808299,0.0017657458956912158,0.001791320512315962,0.9357168926760903,-0.13700577801440428,0.0,3.0,-0.13700577801440428,10.204016483655106,8.965888354944605,0.0008815544077151374,294.0,267.0,5.061224489795919,0.14232209737827714,0.3037542662116041,3226.0,8531.0,19.0,13.0,11.0,16.0,0.0,2.0,,15.0,0.0015238541788770367,0.0012894150744344156,0.0,0.8461538461538461,1.2307692307692308,0.0,1.0,1.4545454545454546,15.0,11.0,11.0
63,3133.0,8596.0,5.487392275774019,0.0017520409565051145,0.0018140251864067233,0.9454904688409949,-0.13824138973043432,0.0,3.0,-0.13824138973043432,10.217454510084458,9.004522914391819,0.0008747220903188763,294.0,267.0,5.122448979591836,0.14232209737827714,0.3037542662116041,3276.0,8596.0,22.0,15.0,13.0,18.0,0.0,2.0,0.0,16.0,0.0017449976733364355,0.0015123313168915774,0.0,0.8666666666666667,1.2,0.0,1.0,1.3846153846153846,16.0,13.0,13.0
64,3133.0,8596.0,5.487392275774019,0.0017520409565051145,0.0018140251864067233,0.9454904688409949,-0.13824138973043432,0.0,3.0,-0.13824138973043432,10.217454510084458,9.004522914391819,0.0008747220903188763,294.0,267.0,5.122448979591836,0.14232209737827714,0.3037542662116041,3276.0,8596.0,22.0,15.0,13.0,18.0,0.0,2.0,,16.0,0.0017449976733364355,0.0015123313168915774,0.0,0.8666666666666667,1.2,0.0,1.0,1.3846153846153846,16.0,13.0,13.0
65,3148.0,8637.0,5.4872935196950445,0.001743658569969827,0.0018366177435962595,0.9500193534285651,-0.13948732369842562,0.0,3.0,-0.13948732369842562,10.225377700198349,9.038916985785981,0.0008705432464330633,294.0,267.0,5.163265306122449,0.14232209737827714,0.3037542662116041,3306.0,8637.0,23.0,16.0,14.0,19.0,0.0,2.0,0.0,17.0,0.0018524950793099456,0.0016209331943962024,0.0,0.875,1.1875,0.0,1.0,1.3571428571428572,17.0,14.0,14.0
66,3148.0,8637.0,5.4872935196950445,0.001743658569969827,0.0018366177435962595,0.9500193534285651,-0.13948732369842562,0.0,3.0,-0.13948732369842562,10.225377700198349,9.038916985785981,0.0008705432464330633,294.0,267.0,5.163265306122449,0.14232209737827714,0.3037542662116041,3306.0,8637.0,23.0,16.0,14.0,19.0,0.0,2.0,,17.0,0.0018524950793099456,0.0016209331943962024,0.0,0.875,1.1875,0.0,1.0,1.3571428571428572,17.0,14.0,14.0
67,3148.0,8637.0,5.4872935196950445,0.001743658569969827,0.0018366177435962595,0.9500193534285651,-0.13948732369842562,0.0,3.0,-0.13948732369842562,10.225377700198349,9.038916985785981,0.0008705432464330633,294.0,267.0,5.163265306122449,0.14232209737827714,0.3037542662116041,3306.0,8637.0,23.0,16.0,14.0,19.0,0.0,2.0,,17.0,0.0018524950793099456,0.0016209331943962024,0.0,0.875,1.1875,0.0,1.0,1.3571428571428572,17.0,14.0,14.0
68,3148.0,8637.0,5.4872935196950445,0.001743658569969827,0.0018366177435962595,0.9500193534285651,-0.13948732369842562,0.0,3.0,-0.13948732369842562,10.225377700198349,9.038916985785981,0.0008705432464330633,294.0,267.0,5.163265306122449,0.14232209737827714,0.3037542662116041,3306.0,8637.0,23.0,16.0,14.0,19.0,0.0,2.0,,17.0,0.0018524950793099456,0.0016209331943962024,0.0,0.875,1.1875,0.0,1.0,1.3571428571428572,17.0,14.0,14.0
69,3158.0,8668.0,5.489550348321723,0.0017388502845491678,0.0018510233410692237,0.9537110959078021,-0.1406375695625777,0.0,3.0,-0.1406375695625777,10.231054076169682,9.060059001642909,0.0008681471225605547,294.0,267.0,5.187074829931973,0.14232209737827714,0.3037542662116041,3328.0,8668.0,24.0,16.0,14.0,20.0,0.0,2.0,0.0,18.0,0.0018458698661744347,0.0016151361329026304,0.0,0.875,1.25,0.0,1.0,1.4285714285714286,18.0,14.0,14.0
70,3158.0,8668.0,5.489550348321723,0.0017388502845491678,0.0018510233410692237,0.9537110959078021,-0.1406375695625777,0.0,3.0,-0.1406375695625777,10.231054076169682,9.060059001642909,0.0008681471225605547,294.0,267.0,5.187074829931973,0.14232209737827714,0.3037542662116041,3328.0,8668.0,24.0,16.0,14.0,20.0,0.0,2.0,,18.0,0.0018458698661744347,0.0016151361329026304,0.0,0.875,1.25,0.0,1.0,1.4285714285714286,18.0,14.0,14.0
71,3158.0,8668.0,5.489550348321723,0.0017388502845491678,0.0018510233410692237,0.9537110959078021,-0.1406375695625777,0.0,3.0,-0.1406375695625777,10.231054076169682,9.060059001642909,0.0008681471225605547,294.0,267.0,5.187074829931973,0.14232209737827714,0.3037542662116041,3328.0,8668.0,24.0,16.0,14.0,20.0,0.0,2.0,,18.0,0.0018458698661744347,0.0016151361329026304,0.0,0.875,1.25,0.0,1.0,1.4285714285714286,18.0,14.0,14.0
72,3158.0,8668.0,5.489550348321723,0.0017388502845491678,0.0018510233410692237,0.9537110959078021,-0.1406375695625777,0.0,3.0,-0.1406375695625777,10.231054076169682,9.060059001642909,0.0008681471225605547,294.0,267.0,5.187074829931973,0.14232209737827714,0.3037542662116041,3328.0,8668.0,24.0,16.0,14.0,20.0,0.0,2.0,,18.0,0.0018458698661744347,0.0016151361329026304,0.0,0.875,1.25,0.0,1.0,1.4285714285714286,18.0,14.0,14.0
73,3180.0,8735.0,5.4937106918239,0.0017281254142258256,0.0018605621280931527,0.9610021958472268,-0.14268885035854126,0.0,3.0,-0.14268885035854126,10.243276610400555,9.082139292153686,0.0008628021043471382,294.0,267.0,5.2482993197278915,0.14232209737827714,0.3037542662116041,3379.0,8735.0,26.0,17.0,15.0,22.0,0.0,2.0,0.0,20.0,0.0019461934745277618,0.0017172295363480253,0.0,0.8823529411764706,1.2941176470588236,0.0,1.0,1.4666666666666666,20.0,15.0,15.0
74,3180.0,8735.0,5.4937106918239,0.0017281254142258256,0.0018605621280931527,0.9610021958472268,-0.14268885035854126,0.0,3.0,-0.14268885035854126,10.243276610400555,9.082139292153686,0.0008628021043471382,294.0,267.0,5.2482993197278915,0.14232209737827714,0.3037542662116041,3379.0,8735.0,26.0,17.0,15.0,22.0,0.0,2.0,,20.0,0.0019461934745277618,0.0017172295363480253,0.0,0.8823529411764706,1.2941176470588236,0.0,1.0,1.4666666666666666,20.0,15.0,15.0
75,3180.0,8735.0,5.4937106918239,0.0017281254142258256,0.0018605621280931527,0.9610021958472268,-0.14268885035854126,0.0,3.0,-0.14268885035854126,10.243276610400555,9.082139292153686,0.0008628021043471382,294.0,267.0,5.2482993197278915,0.14232209737827714,0.3037542662116041,3379.0,8735.0,26.0,17.0,15.0,22.0,0.0,2.0,,20.0,0.0019461934745277618,0.0017172295363480253,0.0,0.8823529411764706,1.2941176470588236,0.0,1.0,1.4666666666666666,20.0,15.0,15.0
76,3180.0,8735.0,5.4937106918239,0.0017281254142258256,0.0018605621280931527,0.9610021958472268,-0.14268885035854126,0.0,3.0,-0.14268885035854126,10.243276610400555,9.082139292153686,0.0008628021043471382,294.0,267.0,5.2482993197278915,0.14232209737827714,0.3037542662116041,3379.0,8735.0,26.0,17.0,15.0,22.0,0.0,2.0,,20.0,0.0019461934745277618,0.0017172295363480253,0.0,0.8823529411764706,1.2941176470588236,0.0,1.0,1.4666666666666666,20.0,15.0,15.0
77,3180.0,8735.0,5.4937106918239,0.0017281254142258256,0.0018605621280931527,0.9610021958472268,-0.14268885035854126,0.0,3.0,-0.14268885035854126,10.243276610400555,9.082139292153686,0.0008628021043471382,294.0,267.0,5.2482993197278915,0.14232209737827714,0.3037542662116041,3379.0,8735.0,26.0,17.0,15.0,22.0,0.0,2.0,,20.0,0.0019461934745277618,0.0017172295363480253,0.0,0.8823529411764706,1.2941176470588236,0.0,1.0,1.4666666666666666,20.0,15.0,15.0
78,3180.0,8735.0,5.4937106918239,0.0017281254142258256,0.0018605621280931527,0.9610021958472268,-0.14268885035854126,0.0,3.0,-0.14268885035854126,10.243276610400555,9.082139292153686,0.0008628021043471382,294.0,267.0,5.2482993197278915,0.14232209737827714,0.3037542662116041,3379.0,8735.0,26.0,17.0,15.0,22.0,0.0,2.0,,20.0,0.0019461934745277618,0.0017172295363480253,0.0,0.8823529411764706,1.2941176470588236,0.0,1.0,1.4666666666666666,20.0,15.0,15.0
79,3187.0,8761.0,5.49796046438657,0.0017256624182004302,0.0018698297393772597,0.9646915955661478,-0.14370486146735068,0.0,3.0,-0.14370486146735068,10.247194641297304,9.094670963966951,0.0008615759288031695,294.0,267.0,5.2687074829931975,0.14232209737827714,0.3037542662116041,3400.0,8761.0,26.0,17.0,15.0,23.0,0.0,2.0,0.0,21.0,0.0019404177605296198,0.0017121333181143706,0.0,0.8823529411764706,1.3529411764705883,0.0,1.0,1.5333333333333334,21.0,15.0,15.0
80,3187.0,8761.0,5.49796046438657,0.0017256624182004302,0.0018698297393772597,0.9646915955661478,-0.14370486146735068,0.0,3.0,-0.14370486146735068,10.247194641297304,9.094670963966951,0.0008615759288031695,294.0,267.0,5.2687074829931975,0.14232209737827714,0.3037542662116041,3400.0,8761.0,26.0,17.0,15.0,23.0,0.0,2.0,,21.0,0.0019404177605296198,0.0017121333181143706,0.0,0.8823529411764706,1.3529411764705883,0.0,1.0,1.5333333333333334,21.0,15.0,15.0
81,3187.0,8761.0,5.49796046438657,0.0017256624182004302,0.0018698297393772597,0.9646915955661478,-0.14370486146735068,0.0,3.0,-0.14370486146735068,10.247194641297304,9.094670963966951,0.0008615759288031695,294.0,267.0,5.2687074829931975,0.14232209737827714,0.3037542662116041,3400.0,8761.0,26.0,17.0,15.0,23.0,0.0,2.0,,21.0,0.0019404177605296198,0.0017121333181143706,0.0,0.8823529411764706,1.3529411764705883,0.0,1.0,1.5333333333333334,21.0,15.0,15.0
82,3187.0,8761.0,5.49796046438657,0.0017256624182004302,0.0018698297393772597,0.9646915955661478,-0.14370486146735068,0.0,3.0,-0.14370486146735068,10.247194641297304,9.094670963966951,0.0008615759288031695,294.0,267.0,5.2687074829931975,0.14232209737827714,0.3037542662116041,3400.0,8761.0,26.0,17.0,15.0,23.0,0.0,2.0,,21.0,0.0019404177605296198,0.0017121333181143706,0.0,0.8823529411764706,1.3529411764705883,0.0,1.0,1.5333333333333334,21.0,15.0,15.0
83,3194.0,8787.0,5.502191609267376,0.0017232043874936974,0.0018793446911730398,0.9684699120339086,-0.14463514329449384,0.0,3.0,-0.14463514329449384,10.251080737579539,9.107143822510213,0.0008603522023330376,294.0,267.0,5.289115646258503,0.14232209737827714,0.3037542662116041,3421.0,8787.0,26.0,17.0,15.0,24.0,0.0,2.0,0.0,22.0,0.001934676226243314,0.001707067258449983,0.0,0.8823529411764706,1.411764705882353,0.0,1.0,1.6,22.0,15.0,15.0
84,3194.0,8787.0,5.502191609267376,0.0017232043874936974,0.0018793446911730398,0.9684699120339086,-0.14463514329449384,0.0,3.0,-0.14463514329449384,10.251080737579539,9.107143822510213,0.0008603522023330376,294.0,267.0,5.289115646258503,0.14232209737827714,0.3037542662116041,3421.0,8787.0,26.0,17.0,15.0,24.0,0.0,2.0,,22.0,0.001934676226243314,0.001707067258449983,0.0,0.8823529411764706,1.411764705882353,0.0,1.0,1.6,22.0,15.0,15.0
85,3196.0,8801.0,5.507509386733417,0.0017237901053938705,0.0018876633809972994,0.9714593341806104,-0.14534457921737032,0.0,3.0,-0.14534457921737032,10.252608683804352,9.114174127961174,0.0008606463649023106,294.0,267.0,5.295918367346939,0.14232209737827714,0.3037542662116041,3434.0,8801.0,26.0,17.0,15.0,25.0,0.0,2.0,0.0,22.0,0.001931598681967958,0.0017043517782070218,0.0,0.8823529411764706,1.4705882352941178,0.0,1.0,1.6666666666666667,22.0,15.0,15.0
86,3196.0,8801.0,5.507509386733417,0.0017237901053938705,0.0018876633809972994,0.9714593341806104,-0.14534457921737032,0.0,3.0,-0.14534457921737032,10.252608683804352,9.114174127961174,0.0008606463649023106,294.0,267.0,5.295918367346939,0.14232209737827714,0.3037542662116041,3434.0,8801.0,26.0,17.0,15.0,25.0,0.0,2.0,,22.0,0.001931598681967958,0.0017043517782070218,0.0,0.8823529411764706,1.4705882352941178,0.0,1.0,1.6666666666666667,22.0,15.0,15.0
87,3196.0,8801.0,5.507509386733417,0.0017237901053938705,0.0018876633809972994,0.9714593341806104,-0.14534457921737032,0.0,3.0,-0.14534457921737032,10.252608683804352,9.114174127961174,0.0008606463649023106,294.0,267.0,5.295918367346939,0.14232209737827714,0.3037542662116041,3434.0,8801.0,26.0,17.0,15.0,25.0,0.0,2.0,,22.0,0.001931598681967958,0.0017043517782070218,0.0,0.8823529411764706,1.4705882352941178,0.0,1.0,1.6666666666666667,22.0,15.0,15.0
88,3196.0,8801.0,5.507509386733417,0.0017237901053938705,0.0018876633809972994,0.9714593341806104,-0.14534457921737032,0.0,3.0,-0.14534457921737032,10.252608683804352,9.114174127961174,0.0008606463649023106,294.0,267.0,5.295918367346939,0.14232209737827714,0.3037542662116041,3434.0,8801.0,26.0,17.0,15.0,25.0,0.0,2.0,,22.0,0.001931598681967958,0.0017043517782070218,0.0,0.8823529411764706,1.4705882352941178,0.0,1.0,1.6666666666666667,22.0,15.0,15.0
89,3196.0,8801.0,5.507509386733417,0.0017237901053938705,0.0018876633809972994,0.9714593341806104,-0.14534457921737032,0.0,3.0,-0.14534457921737032,10.252608683804352,9.114174127961174,0.0008606463649023106,294.0,267.0,5.295918367346939,0.14232209737827714,0.3037542662116041,3434.0,8801.0,26.0,17.0,15.0,25.0,0.0,2.0,,22.0,0.001931598681967958,0.0017043517782070218,0.0,0.8823529411764706,1.4705882352941178,0.0,1.0,1.6666666666666667,22.0,15.0,15.0
90,3196.0,8801.0,5.507509386733417,0.0017237901053938705,0.0018876633809972994,0.9714593341806104,-0.14534457921737032,0.0,3.0,-0.14534457921737032,10.252608683804352,9.114174127961174,0.0008606463649023106,294.0,267.0,5.295918367346939,0.14232209737827714,0.3037542662116041,3434.0,8801.0,26.0,17.0,15.0,25.0,0.0,2.0,,22.0,0.001931598681967958,0.0017043517782070218,0.0,0.8823529411764706,1.4705882352941178,0.0,1.0,1.6666666666666667,22.0,15.0,15.0
91,3196.0,8801.0,5.507509386733417,0.0017237901053938705,0.0018876633809972994,0.9714593341806104,-0.14534457921737032,0.0,3.0,-0.14534457921737032,10.252608683804352,9.114174127961174,0.0008606463649023106,294.0,267.0,5.295918367346939,0.14232209737827714,0.3037542662116041,3434.0,8801.0,26.0,17.0,15.0,25.0,0.0,2.0,,22.0,0.001931598681967958,0.0017043517782070218,0.0,0.8823529411764706,1.4705882352941178,0.0,1.0,1.6666666666666667,22.0,15.0,15.0
92,3196.0,8801.0,5.507509386733417,0.0017237901053938705,0.0018876633809972994,0.9714593341806104,-0.14534457921737032,0.0,3.0,-0.14534457921737032,10.252608683804352,9.114174127961174,0.0008606463649023106,294.0,267.0,5.295918367346939,0.14232209737827714,0.3037542662116041,3434.0,8801.0,26.0,17.0,15.0,25.0,0.0,2.0,,22.0,0.001931598681967958,0.0017043517782070218,0.0,0.8823529411764706,1.4705882352941178,0.0,1.0,1.6666666666666667,22.0,15.0,15.0
93,3203.0,8827.0,5.511707773961911,0.001721332846334138,0.0018885871033933882,0.9741669759800257,-0.14630160160785058,0.0,3.0,-0.14630160160785058,10.256642089655266,9.119608589633874,0.0008594229828050097,294.0,267.0,5.316326530612245,0.14232209737827714,0.3037542662116041,3455.0,8827.0,26.0,17.0,15.0,26.0,0.0,2.0,0.0,23.0,0.0019259091424039879,0.0016993315962388128,0.0,0.8823529411764706,1.5294117647058822,0.0,1.0,1.7333333333333334,23.0,15.0,15.0
94,3203.0,8827.0,5.511707773961911,0.001721332846334138,0.0018885871033933882,0.9741669759800257,-0.14630160160785058,0.0,3.0,-0.14630160160785058,10.256642089655266,9.119608589633874,0.0008594229828050097,294.0,267.0,5.316326530612245,0.14232209737827714,0.3037542662116041,3455.0,8827.0,26.0,17.0,15.0,26.0,0.0,2.0,,23.0,0.0019259091424039879,0.0016993315962388128,0.0,0.8823529411764706,1.5294117647058822,0.0,1.0,1.7333333333333334,23.0,15.0,15.0
95,3210.0,8853.0,5.51588785046729,0.0017188806015790868,0.0018984457531349057,0.9779450993567478,-0.1470492990836316,0.0,3.0,-0.1470492990836316,10.260065516358233,9.13181429158414,0.0008582020749022234,294.0,267.0,5.336734693877551,0.14232209737827714,0.3037542662116041,3476.0,8853.0,26.0,17.0,15.0,27.0,0.0,2.0,0.0,24.0,0.0019202530215746076,0.0016943409013893595,0.0,0.8823529411764706,1.588235294117647,0.0,1.0,1.8,24.0,15.0,15.0
96,3210.0,8853.0,5.51588785046729,0.0017188806015790868,0.0018984457531349057,0.9779450993567478,-0.1470492990836316,0.0,3.0,-0.1470492990836316,10.260065516358233,9.13181429158414,0.0008582020749022234,294.0,267.0,5.336734693877551,0.14232209737827714,0.3037542662116041,3476.0,8853.0,26.0,17.0,15.0,27.0,0.0,2.0,,24.0,0.0019202530215746076,0.0016943409013893595,0.0,0.8823529411764706,1.588235294117647,0.0,1.0,1.8,24.0,15.0,15.0
97,3217.0,8879.0,5.5200497357786755,0.0017164333755530711,0.0019085295647948918,0.9818834581955473,-0.14775482235375895,0.0,3.0,-0.14775482235375895,10.263366835468176,9.143945196536514,0.0008569836436811008,294.0,267.0,5.357142857142857,0.14232209737827714,0.3037542662116041,3497.0,8879.0,26.0,17.0,15.0,28.0,0.0,2.0,0.0,25.0,0.001914630025903818,0.0016893794346210158,0.0,0.8823529411764706,1.6470588235294117,0.0,1.0,1.8666666666666667,25.0,15.0,15.0
98,3217.0,8879.0,5.5200497357786755,0.0017164333755530711,0.0019085295647948918,0.9818834581955473,-0.14775482235375895,0.0,3.0,-0.14775482235375895,10.263366835468176,9.143945196536514,0.0008569836436811008,294.0,267.0,5.357142857142857,0.14232209737827714,0.3037542662116041,3497.0,8879.0,26.0,17.0,15.0,28.0,0.0,2.0,,25.0,0.001914630025903818,0.0016893794346210158,0.0,0.8823529411764706,1.6470588235294117,0.0,1.0,1.8666666666666667,25.0,15.0,15.0
99,3217.0,8879.0,5.5200497357786755,0.0017164333755530711,0.0019085295647948918,0.9818834581955473,-0.14775482235375895,0.0,3.0,-0.14775482235375895,10.263366835468176,9.143945196536514,0.0008569836436811008,294.0,267.0,5.357142857142857,0.14232209737827714,0.3037542662116041,3497.0,8879.0,26.0,17.0,15.0,28.0,0.0,2.0,,25.0,0.001914630025903818,0.0016893794346210158,0.0,0.8823529411764706,1.6470588235294117,0.0,1.0,1.8666666666666667,25.0,15.0,15.0
100,3217.0,8879.0,5.5200497357786755,0.0017164333755530711,0.0019085295647948918,0.9818834581955473,-0.14775482235375895,0.0,3.0,-0.14775482235375895,10.263366835468176,9.143945196536514,0.0008569836436811008,294.0,267.0,5.357142857142857,0.14232209737827714,0.3037542662116041,3497.0,8879.0,26.0,17.0,15.0,28.0,0.0,2.0,,25.0,0.001914630025903818,0.0016893794346210158,0.0,0.8823529411764706,1.6470588235294117,0.0,1.0,1.8666666666666667,25.0,15.0,15.0
101,3217.0,8879.0,5.5200497357786755,0.0017164333755530711,0.0019085295647948918,0.9818834581955473,-0.14775482235375895,0.0,3.0,-0.14775482235375895,10.263366835468176,9.143945196536514,0.0008569836436811008,294.0,267.0,5.357142857142857,0.14232209737827714,0.3037542662116041,3497.0,8879.0,26.0,17.0,15.0,28.0,0.0,2.0,,25.0,0.001914630025903818,0.0016893794346210158,0.0,0.8823529411764706,1.6470588235294117,0.0,1.0,1.8666666666666667,25.0,15.0,15.0
102,3217.0,8879.0,5.5200497357786755,0.0017164333755530711,0.0019085295647948918,0.9818834581955473,-0.14775482235375895,0.0,3.0,-0.14775482235375895,10.263366835468176,9.143945196536514,0.0008569836436811008,294.0,267.0,5.357142857142857,0.14232209737827714,0.3037542662116041,3497.0,8879.0,26.0,17.0,15.0,28.0,0.0,2.0,,25.0,0.001914630025903818,0.0016893794346210158,0.0,0.8823529411764706,1.6470588235294117,0.0,1.0,1.8666666666666667,25.0,15.0,15.0
103,3224.0,8905.0,5.524193548387097,0.0017139911723199183,0.0019092661141825592,0.9845346950285532,-0.14843920350728285,0.0,3.0,-0.14843920350728285,10.267287488871656,9.14892872180992,0.0008557676914456711,294.0,267.0,5.377551020408164,0.14232209737827714,0.3037542662116041,3518.0,8905.0,26.0,17.0,15.0,29.0,0.0,2.0,0.0,26.0,0.0019090398652442447,0.0016844469399213925,0.0,0.8823529411764706,1.7058823529411764,0.0,1.0,1.9333333333333333,26.0,15.0,15.0
104,3224.0,8905.0,5.524193548387097,0.0017139911723199183,0.0019092661141825592,0.9845346950285532,-0.14843920350728285,0.0,3.0,-0.14843920350728285,10.267287488871656,9.14892872180992,0.0008557676914456711,294.0,267.0,5.377551020408164,0.14232209737827714,0.3037542662116041,3518.0,8905.0,26.0,17.0,15.0,29.0,0.0,2.0,,26.0,0.0019090398652442447,0.0016844469399213925,0.0,0.8823529411764706,1.7058823529411764,0.0,1.0,1.9333333333333333,26.0,15.0,15.0
105,3224.0,8905.0,5.524193548387097,0.0017139911723199183,0.0019092661141825592,0.9845346950285532,-0.14843920350728285,0.0,3.0,-0.14843920350728285,10.267287488871656,9.14892872180992,0.0008557676914456711,294.0,267.0,5.377551020408164,0.14232209737827714,0.3037542662116041,3518.0,8905.0,26.0,17.0,15.0,29.0,0.0,2.0,,26.0,0.0019090398652442447,0.0016844469399213925,0.0,0.8823529411764706,1.7058823529411764,0.0,1.0,1.9333333333333333,26.0,15.0,15.0
106,3224.0,8905.0,5.524193548387097,0.0017139911723199183,0.0019092661141825592,0.9845346950285532,-0.14843920350728285,0.0,3.0,-0.14843920350728285,10.267287488871656,9.14892872180992,0.0008557676914456711,294.0,267.0,5.377551020408164,0.14232209737827714,0.3037542662116041,3518.0,8905.0,26.0,17.0,15.0,29.0,0.0,2.0,,26.0,0.0019090398652442447,0.0016844469399213925,0.0,0.8823529411764706,1.7058823529411764,0.0,1.0,1.9333333333333333,26.0,15.0,15.0
107,3224.0,8905.0,5.524193548387097,0.0017139911723199183,0.0019092661141825592,0.9845346950285532,-0.14843920350728285,0.0,3.0,-0.14843920350728285,10.267287488871656,9.14892872180992,0.0008557676914456711,294.0,267.0,5.377551020408164,0.14232209737827714,0.3037542662116041,3518.0,8905.0,26.0,17.0,15.0,29.0,0.0,2.0,,26.0,0.0019090398652442447,0.0016844469399213925,0.0,0.8823529411764706,1.7058823529411764,0.0,1.0,1.9333333333333333,26.0,15.0,15.0
108,3224.0,8905.0,5.524193548387097,0.0017139911723199183,0.0019092661141825592,0.9845346950285532,-0.14843920350728285,0.0,3.0,-0.14843920350728285,10.267287488871656,9.14892872180992,0.0008557676914456711,294.0,267.0,5.377551020408164,0.14232209737827714,0.3037542662116041,3518.0,8905.0,26.0,17.0,15.0,29.0,0.0,2.0,,26.0,0.0019090398652442447,0.0016844469399213925,0.0,0.8823529411764706,1.7058823529411764,0.0,1.0,1.9333333333333333,26.0,15.0,15.0
109,3224.0,8905.0,5.524193548387097,0.0017139911723199183,0.0019092661141825592,0.9845346950285532,-0.14843920350728285,0.0,3.0,-0.14843920350728285,10.267287488871656,9.14892872180992,0.0008557676914456711,294.0,267.0,5.377551020408164,0.14232209737827714,0.3037542662116041,3518.0,8905.0,26.0,17.0,15.0,29.0,0.0,2.0,,26.0,0.0019090398652442447,0.0016844469399213925,0.0,0.8823529411764706,1.7058823529411764,0.0,1.0,1.9333333333333333,26.0,15.0,15.0
110,3224.0,8905.0,5.524193548387097,0.0017139911723199183,0.0019092661141825592,0.9845346950285532,-0.14843920350728285,0.0,3.0,-0.14843920350728285,10.267287488871656,9.14892872180992,0.0008557676914456711,294.0,267.0,5.377551020408164,0.14232209737827714,0.3037542662116041,3518.0,8905.0,26.0,17.0,15.0,29.0,0.0,2.0,,26.0,0.0019090398652442447,0.0016844469399213925,0.0,0.8823529411764706,1.7058823529411764,0.0,1.0,1.9333333333333333,26.0,15.0,15.0
111,3231.0,8931.0,5.528319405756732,0.0017115539955903194,0.0019195054610675385,0.9884369709937859,-0.14874704639176253,0.0,3.0,-0.14874704639176253,10.270977024905928,9.160861764981245,0.0008545542203205733,294.0,267.0,5.3979591836734695,0.14232209737827714,0.3037542662116041,3539.0,8931.0,26.0,17.0,15.0,30.0,0.0,2.0,0.0,27.0,0.001903482252827231,0.0016795431642593216,0.0,0.8823529411764706,1.7647058823529411,0.0,1.0,2.0,27.0,15.0,15.0
112,3231.0,8931.0,5.528319405756732,0.0017115539955903194,0.0019195054610675385,0.9884369709937859,-0.14874704639176253,0.0,3.0,-0.14874704639176253,10.270977024905928,9.160861764981245,0.0008545542203205733,294.0,267.0,5.3979591836734695,0.14232209737827714,0.3037542662116041,3539.0,8931.0,26.0,17.0,15.0,30.0,0.0,2.0,,27.0,0.001903482252827231,0.0016795431642593216,0.0,0.8823529411764706,1.7647058823529411,0.0,1.0,2.0,27.0,15.0,15.0
113,3231.0,8931.0,5.528319405756732,0.0017115539955903194,0.0019195054610675385,0.9884369709937859,-0.14874704639176253,0.0,3.0,-0.14874704639176253,10.270977024905928,9.160861764981245,0.0008545542203205733,294.0,267.0,5.3979591836734695,0.14232209737827714,0.3037542662116041,3539.0,8931.0,26.0,17.0,15.0,30.0,0.0,2.0,,27.0,0.001903482252827231,0.0016795431642593216,0.0,0.8823529411764706,1.7647058823529411,0.0,1.0,2.0,27.0,15.0,15.0
114,3231.0,8931.0,5.528319405756732,0.0017115539955903194,0.0019195054610675385,0.9884369709937859,-0.14874704639176253,0.0,3.0,-0.14874704639176253,10.270977024905928,9.160861764981245,0.0008545542203205733,294.0,267.0,5.3979591836734695,0.14232209737827714,0.3037542662116041,3539.0,8931.0,26.0,17.0,15.0,30.0,0.0,2.0,,27.0,0.001903482252827231,0.0016795431642593216,0.0,0.8823529411764706,1.7647058823529411,0.0,1.0,2.0,27.0,15.0,15.0
115,3231.0,8931.0,5.528319405756732,0.0017115539955903194,0.0019195054610675385,0.9884369709937859,-0.14874704639176253,0.0,3.0,-0.14874704639176253,10.270977024905928,9.160861764981245,0.0008545542203205733,294.0,267.0,5.3979591836734695,0.14232209737827714,0.3037542662116041,3539.0,8931.0,26.0,17.0,15.0,30.0,0.0,2.0,,27.0,0.001903482252827231,0.0016795431642593216,0.0,0.8823529411764706,1.7647058823529411,0.0,1.0,2.0,27.0,15.0,15.0
116,3231.0,8931.0,5.528319405756732,0.0017115539955903194,0.0019195054610675385,0.9884369709937859,-0.14874704639176253,0.0,3.0,-0.14874704639176253,10.270977024905928,9.160861764981245,0.0008545542203205733,294.0,267.0,5.3979591836734695,0.14232209737827714,0.3037542662116041,3539.0,8931.0,26.0,17.0,15.0,30.0,0.0,2.0,,27.0,0.001903482252827231,0.0016795431642593216,0.0,0.8823529411764706,1.7647058823529411,0.0,1.0,2.0,27.0,15.0,15.0
117,3231.0,8931.0,5.528319405756732,0.0017115539955903194,0.0019195054610675385,0.9884369709937859,-0.14874704639176253,0.0,3.0,-0.14874704639176253,10.270977024905928,9.160861764981245,0.0008545542203205733,294.0,267.0,5.3979591836734695,0.14232209737827714,0.3037542662116041,3539.0,8931.0,26.0,17.0,15.0,30.0,0.0,2.0,,27.0,0.001903482252827231,0.0016795431642593216,0.0,0.8823529411764706,1.7647058823529411,0.0,1.0,2.0,27.0,15.0,15.0
118,3231.0,8931.0,5.528319405756732,0.0017115539955903194,0.0019195054610675385,0.9884369709937859,-0.14874704639176253,0.0,3.0,-0.14874704639176253,10.270977024905928,9.160861764981245,0.0008545542203205733,294.0,267.0,5.3979591836734695,0.14232209737827714,0.3037542662116041,3539.0,8931.0,26.0,17.0,15.0,30.0,0.0,2.0,,27.0,0.001903482252827231,0.0016795431642593216,0.0,0.8823529411764706,1.7647058823529411,0.0,1.0,2.0,27.0,15.0,15.0
119,3246.0,8972.0,5.528034504004929,0.00170355454668873,0.0019494129618622092,0.9934001113782994,-0.1483231683562402,0.0,3.0,-0.1483231683562402,10.278228028254347,9.193219148148161,0.000850565784743268,294.0,267.0,5.4353741496598635,0.14232209737827714,0.3037542662116041,3568.0,8972.0,27.0,18.0,16.0,31.0,0.0,2.0,0.0,28.0,0.0020062416406598305,0.0017833259028087382,0.0,0.8888888888888888,1.7222222222222223,0.0,1.0,1.9375,28.0,16.0,16.0
120,3246.0,8972.0,5.528034504004929,0.00170355454668873,0.0019494129618622092,0.9934001113782994,-0.1483231683562402,0.0,3.0,-0.1483231683562402,10.278228028254347,9.193219148148161,0.000850565784743268,294.0,267.0,5.4353741496598635,0.14232209737827714,0.3037542662116041,3568.0,8972.0,27.0,18.0,16.0,31.0,0.0,2.0,,28.0,0.0020062416406598305,0.0017833259028087382,0.0,0.8888888888888888,1.7222222222222223,0.0,1.0,1.9375,28.0,16.0,16.0
121,3253.0,8998.0,5.532124193052566,0.0017011452008156725,0.0019604936783043864,0.9973781980105982,-0.14854237125468434,0.0,3.0,-0.14854237125468434,10.281634403986072,9.204917698112865,0.000849366126980236,294.0,267.0,5.45578231292517,0.14232209737827714,0.3037542662116041,3589.0,8998.0,27.0,18.0,16.0,32.0,0.0,2.0,0.0,29.0,0.0020004445432318294,0.0017781729273171815,0.0,0.8888888888888888,1.7777777777777777,0.0,1.0,2.0,29.0,16.0,16.0
122,3253.0,8998.0,5.532124193052566,0.0017011452008156725,0.0019604936783043864,0.9973781980105982,-0.14854237125468434,0.0,3.0,-0.14854237125468434,10.281634403986072,9.204917698112865,0.000849366126980236,294.0,267.0,5.45578231292517,0.14232209737827714,0.3037542662116041,3589.0,8998.0,27.0,18.0,16.0,32.0,0.0,2.0,,29.0,0.0020004445432318294,0.0017781729273171815,0.0,0.8888888888888888,1.7777777777777777,0.0,1.0,2.0,29.0,16.0,16.0
123,3267.0,9041.0,5.534741352923171,0.0016946544252673518,0.001992772730921568,1.002755240166149,-0.1481970466874056,0.0,3.0,-0.1481970466874056,10.288684267306486,9.234809718783245,0.0008461309348973873,294.0,267.0,5.496598639455782,0.14232209737827714,0.3037542662116041,3619.0,9041.0,28.0,19.0,17.0,33.0,0.0,2.0,0.0,30.0,0.002101537440548612,0.0018803229731224422,0.0,0.8947368421052632,1.736842105263158,0.0,1.0,1.9411764705882353,30.0,17.0,17.0
124,3267.0,9041.0,5.534741352923171,0.0016946544252673518,0.001992772730921568,1.002755240166149,-0.1481970466874056,0.0,3.0,-0.1481970466874056,10.288684267306486,9.234809718783245,0.0008461309348973873,294.0,267.0,5.496598639455782,0.14232209737827714,0.3037542662116041,3619.0,9041.0,28.0,19.0,17.0,33.0,0.0,2.0,,30.0,0.002101537440548612,0.0018803229731224422,0.0,0.8947368421052632,1.736842105263158,0.0,1.0,1.9411764705882353,30.0,17.0,17.0
125,3267.0,9041.0,5.534741352923171,0.0016946544252673518,0.001992772730921568,1.002755240166149,-0.1481970466874056,0.0,3.0,-0.1481970466874056,10.288684267306486,9.234809718783245,0.0008461309348973873,294.0,267.0,5.496598639455782,0.14232209737827714,0.3037542662116041,3619.0,9041.0,28.0,19.0,17.0,33.0,0.0,2.0,,30.0,0.002101537440548612,0.0018803229731224422,0.0,0.8947368421052632,1.736842105263158,0.0,1.0,1.9411764705882353,30.0,17.0,17.0
126,3267.0,9041.0,5.534741352923171,0.0016946544252673518,0.001992772730921568,1.002755240166149,-0.1481970466874056,0.0,3.0,-0.1481970466874056,10.288684267306486,9.234809718783245,0.0008461309348973873,294.0,267.0,5.496598639455782,0.14232209737827714,0.3037542662116041,3619.0,9041.0,28.0,19.0,17.0,33.0,0.0,2.0,,30.0,0.002101537440548612,0.0018803229731224422,0.0,0.8947368421052632,1.736842105263158,0.0,1.0,1.9411764705882353,30.0,17.0,17.0
127,3267.0,9041.0,5.534741352923171,0.0016946544252673518,0.001992772730921568,1.002755240166149,-0.1481970466874056,0.0,3.0,-0.1481970466874056,10.288684267306486,9.234809718783245,0.0008461309348973873,294.0,267.0,5.496598639455782,0.14232209737827714,0.3037542662116041,3619.0,9041.0,28.0,19.0,17.0,33.0,0.0,2.0,,30.0,0.002101537440548612,0.0018803229731224422,0.0,0.8947368421052632,1.736842105263158,0.0,1.0,1.9411764705882353,30.0,17.0,17.0
128,3267.0,9041.0,5.534741352923171,0.0016946544252673518,0.001992772730921568,1.002755240166149,-0.1481970466874056,0.0,3.0,-0.1481970466874056,10.288684267306486,9.234809718783245,0.0008461309348973873,294.0,267.0,5.496598639455782,0.14232209737827714,0.3037542662116041,3619.0,9041.0,28.0,19.0,17.0,33.0,0.0,2.0,,30.0,0.002101537440548612,0.0018803229731224422,0.0,0.8947368421052632,1.736842105263158,0.0,1.0,1.9411764705882353,30.0,17.0,17.0
129,3283.0,9097.0,5.541882424611636,0.0016885686851345631,0.0020372636946998277,1.0115904366199315,-0.1478614492947906,0.0,3.0,-0.1478614492947906,10.296612283814317,9.270403738456675,0.0008430993657595516,294.0,267.0,5.54421768707483,0.14232209737827714,0.3037542662116041,3662.0,9097.0,29.0,20.0,18.0,35.0,0.0,2.0,0.0,31.0,0.0021985269869187643,0.001978674288226888,0.0,0.9,1.75,0.0,1.0,1.9444444444444444,31.0,18.0,18.0
130,3283.0,9097.0,5.541882424611636,0.0016885686851345631,0.0020372636946998277,1.0115904366199315,-0.1478614492947906,0.0,3.0,-0.1478614492947906,10.296612283814317,9.270403738456675,0.0008430993657595516,294.0,267.0,5.54421768707483,0.14232209737827714,0.3037542662116041,3662.0,9097.0,29.0,20.0,18.0,35.0,0.0,2.0,,31.0,0.0021985269869187643,0.001978674288226888,0.0,0.9,1.75,0.0,1.0,1.9444444444444444,31.0,18.0,18.0
131,3296.0,9134.0,5.54247572815534,0.0016820867156768862,0.002072714168152332,1.0182142708182695,-0.146769860878916,0.0,3.0,-0.146769860878916,10.302503276762472,9.297077688669457,0.0008398676830992553,294.0,267.0,5.578231292517007,0.14232209737827714,0.3037542662116041,3690.0,9134.0,30.0,21.0,19.0,36.0,0.0,2.0,0.0,32.0,0.0022991022553098314,0.002080140135756514,0.0,0.9047619047619048,1.7142857142857142,0.0,1.0,1.894736842105263,32.0,19.0,19.0
132,3296.0,9134.0,5.54247572815534,0.0016820867156768862,0.002072714168152332,1.0182142708182695,-0.146769860878916,0.0,3.0,-0.146769860878916,10.302503276762472,9.297077688669457,0.0008398676830992553,294.0,267.0,5.578231292517007,0.14232209737827714,0.3037542662116041,3690.0,9134.0,30.0,21.0,19.0,36.0,0.0,2.0,,32.0,0.0022991022553098314,0.002080140135756514,0.0,0.9047619047619048,1.7142857142857142,0.0,1.0,1.894736842105263,32.0,19.0,19.0
133,3312.0,9176.0,5.541062801932367,0.0016735315016407027,0.0021132073760837355,1.023309623175927,-0.1459854484221581,0.0,3.0,-0.1459854484221581,10.309485115569865,9.33062753966411,0.0008356014726131298,294.0,267.0,5.619047619047619,0.14232209737827714,0.3037542662116041,3720.0,9176.0,31.0,22.0,20.0,37.0,0.0,2.0,0.0,33.0,0.0023975588491717526,0.002179598953792502,0.0,0.9090909090909091,1.6818181818181819,0.0,1.0,1.85,33.0,20.0,20.0
134,3312.0,9176.0,5.541062801932367,0.0016735315016407027,0.0021132073760837355,1.023309623175927,-0.1459854484221581,0.0,3.0,-0.1459854484221581,10.309485115569865,9.33062753966411,0.0008356014726131298,294.0,267.0,5.619047619047619,0.14232209737827714,0.3037542662116041,3720.0,9176.0,31.0,22.0,20.0,37.0,0.0,2.0,,33.0,0.0023975588491717526,0.002179598953792502,0.0,0.9090909090909091,1.6818181818181819,0.0,1.0,1.85,33.0,20.0,20.0
135,3312.0,9176.0,5.541062801932367,0.0016735315016407027,0.0021132073760837355,1.023309623175927,-0.1459854484221581,0.0,3.0,-0.1459854484221581,10.309485115569865,9.33062753966411,0.0008356014726131298,294.0,267.0,5.619047619047619,0.14232209737827714,0.3037542662116041,3720.0,9176.0,31.0,22.0,20.0,37.0,0.0,2.0,,33.0,0.0023975588491717526,0.002179598953792502,0.0,0.9090909090909091,1.6818181818181819,0.0,1.0,1.85,33.0,20.0,20.0
136,3312.0,9176.0,5.541062801932367,0.0016735315016407027,0.0021132073760837355,1.023309623175927,-0.1459854484221581,0.0,3.0,-0.1459854484221581,10.309485115569865,9.33062753966411,0.0008356014726131298,294.0,267.0,5.619047619047619,0.14232209737827714,0.3037542662116041,3720.0,9176.0,31.0,22.0,20.0,37.0,0.0,2.0,,33.0,0.0023975588491717526,0.002179598953792502,0.0,0.9090909090909091,1.6818181818181819,0.0,1.0,1.85,33.0,20.0,20.0
137,3312.0,9176.0,5.541062801932367,0.0016735315016407027,0.0021132073760837355,1.023309623175927,-0.1459854484221581,0.0,3.0,-0.1459854484221581,10.309485115569865,9.33062753966411,0.0008356014726131298,294.0,267.0,5.619047619047619,0.14232209737827714,0.3037542662116041,3720.0,9176.0,31.0,22.0,20.0,37.0,0.0,2.0,,33.0,0.0023975588491717526,0.002179598953792502,0.0,0.9090909090909091,1.6818181818181819,0.0,1.0,1.85,33.0,20.0,20.0
138,3312.0,9176.0,5.541062801932367,0.0016735315016407027,0.0021132073760837355,1.023309623175927,-0.1459854484221581,0.0,3.0,-0.1459854484221581,10.309485115569865,9.33062753966411,0.0008356014726131298,294.0,267.0,5.619047619047619,0.14232209737827714,0.3037542662116041,3720.0,9176.0,31.0,22.0,20.0,37.0,0.0,2.0,,33.0,0.0023975588491717526,0.002179598953792502,0.0,0.9090909090909091,1.6818181818181819,0.0,1.0,1.85,33.0,20.0,20.0
139,3312.0,9176.0,5.541062801932367,0.0016735315016407027,0.0021132073760837355,1.023309623175927,-0.1459854484221581,0.0,3.0,-0.1459854484221581,10.309485115569865,9.33062753966411,0.0008356014726131298,294.0,267.0,5.619047619047619,0.14232209737827714,0.3037542662116041,3720.0,9176.0,31.0,22.0,20.0,37.0,0.0,2.0,,33.0,0.0023975588491717526,0.002179598953792502,0.0,0.9090909090909091,1.6818181818181819,0.0,1.0,1.85,33.0,20.0,20.0
140,3312.0,9176.0,5.541062801932367,0.0016735315016407027,0.0021132073760837355,1.023309623175927,-0.1459854484221581,0.0,3.0,-0.1459854484221581,10.309485115569865,9.33062753966411,0.0008356014726131298,294.0,267.0,5.619047619047619,0.14232209737827714,0.3037542662116041,3720.0,9176.0,31.0,22.0,20.0,37.0,0.0,2.0,,33.0,0.0023975588491717526,0.002179598953792502,0.0,0.9090909090909091,1.6818181818181819,0.0,1.0,1.85,33.0,20.0,20.0
141,3312.0,9176.0,5.541062801932367,0.0016735315016407027,0.0021132073760837355,1.023309623175927,-0.1459854484221581,0.0,3.0,-0.1459854484221581,10.309485115569865,9.33062753966411,0.0008356014726131298,294.0,267.0,5.619047619047619,0.14232209737827714,0.3037542662116041,3720.0,9176.0,31.0,22.0,20.0,37.0,0.0,2.0,,33.0,0.0023975588491717526,0.002179598953792502,0.0,0.9090909090909091,1.6818181818181819,0.0,1.0,1.85,33.0,20.0,20.0
142,3312.0,9176.0,5.541062801932367,0.0016735315016407027,0.0021132073760837355,1.023309623175927,-0.1459854484221581,0.0,3.0,-0.1459854484221581,10.309485115569865,9.33062753966411,0.0008356014726131298,294.0,267.0,5.619047619047619,0.14232209737827714,0.3037542662116041,3720.0,9176.0,31.0,22.0,20.0,37.0,0.0,2.0,,33.0,0.0023975588491717526,0.002179598953792502,0.0,0.9090909090909091,1.6818181818181819,0.0,1.0,1.85,33.0,20.0,20.0
143,3312.0,9176.0,5.541062801932367,0.0016735315016407027,0.0021132073760837355,1.023309623175927,-0.1459854484221581,0.0,3.0,-0.1459854484221581,10.309485115569865,9.33062753966411,0.0008356014726131298,294.0,267.0,5.619047619047619,0.14232209737827714,0.3037542662116041,3720.0,9176.0,31.0,22.0,20.0,37.0,0.0,2.0,,33.0,0.0023975588491717526,0.002179598953792502,0.0,0.9090909090909091,1.6818181818181819,0.0,1.0,1.85,33.0,20.0,20.0
144,3312.0,9176.0,5.541062801932367,0.0016735315016407027,0.0021132073760837355,1.023309623175927,-0.1459854484221581,0.0,3.0,-0.1459854484221581,10.309485115569865,9.33062753966411,0.0008356014726131298,294.0,267.0,5.619047619047619,0.14232209737827714,0.3037542662116041,3720.0,9176.0,31.0,22.0,20.0,37.0,0.0,2.0,,33.0,0.0023975588491717526,0.002179598953792502,0.0,0.9090909090909091,1.6818181818181819,0.0,1.0,1.85,33.0,20.0,20.0
145,3312.0,9176.0,5.541062801932367,0.0016735315016407027,0.0021132073760837355,1.023309623175927,-0.1459854484221581,0.0,3.0,-0.1459854484221581,10.309485115569865,9.33062753966411,0.0008356014726131298,294.0,267.0,5.619047619047619,0.14232209737827714,0.3037542662116041,3720.0,9176.0,31.0,22.0,20.0,37.0,0.0,2.0,,33.0,0.0023975588491717526,0.002179598953792502,0.0,0.9090909090909091,1.6818181818181819,0.0,1.0,1.85,33.0,20.0,20.0
146,3312.0,9176.0,5.541062801932367,0.0016735315016407027,0.0021132073760837355,1.023309623175927,-0.1459854484221581,0.0,3.0,-0.1459854484221581,10.309485115569865,9.33062753966411,0.0008356014726131298,294.0,267.0,5.619047619047619,0.14232209737827714,0.3037542662116041,3720.0,9176.0,31.0,22.0,20.0,37.0,0.0,2.0,,33.0,0.0023975588491717526,0.002179598953792502,0.0,0.9090909090909091,1.6818181818181819,0.0,1.0,1.85,33.0,20.0,20.0
147,3312.0,9176.0,5.541062801932367,0.0016735315016407027,0.0021132073760837355,1.023309623175927,-0.1459854484221581,0.0,3.0,-0.1459854484221581,10.309485115569865,9.33062753966411,0.0008356014726131298,294.0,267.0,5.619047619047619,0.14232209737827714,0.3037542662116041,3720.0,9176.0,31.0,22.0,20.0,37.0,0.0,2.0,,33.0,0.0023975588491717526,0.002179598953792502,0.0,0.9090909090909091,1.6818181818181819,0.0,1.0,1.85,33.0,20.0,20.0
148,3312.0,9176.0,5.541062801932367,0.0016735315016407027,0.0021132073760837355,1.023309623175927,-0.1459854484221581,0.0,3.0,-0.1459854484221581,10.309485115569865,9.33062753966411,0.0008356014726131298,294.0,267.0,5.619047619047619,0.14232209737827714,0.3037542662116041,3720.0,9176.0,31.0,22.0,20.0,37.0,0.0,2.0,,33.0,0.0023975588491717526,0.002179598953792502,0.0,0.9090909090909091,1.6818181818181819,0.0,1.0,1.85,33.0,20.0,20.0
149,3321.0,9216.0,5.5501355013550135,0.0016717275606491005,0.002138563898941997,1.0313142267788942,-0.14592319849375443,0.0,3.0,-0.14592319849375443,10.313963101477956,9.347019430447048,0.0008347053927898173,294.0,267.0,5.64625850340136,0.14232209737827714,0.3037542662116041,3754.0,9216.0,31.0,22.0,20.0,39.0,0.0,2.0,0.0,34.0,0.002387152777777778,0.002170138888888889,0.0,0.9090909090909091,1.7727272727272727,0.0,1.0,1.95,34.0,20.0,20.0
150,3321.0,9216.0,5.5501355013550135,0.0016717275606491005,0.002138563898941997,1.0313142267788942,-0.14592319849375443,0.0,3.0,-0.14592319849375443,10.313963101477956,9.347019430447048,0.0008347053927898173,294.0,267.0,5.64625850340136,0.14232209737827714,0.3037542662116041,3754.0,9216.0,31.0,22.0,20.0,39.0,0.0,2.0,,34.0,0.002387152777777778,0.002170138888888889,0.0,0.9090909090909091,1.7727272727272727,0.0,1.0,1.95,34.0,20.0,20.0
151,3321.0,9216.0,5.5501355013550135,0.0016717275606491005,0.002138563898941997,1.0313142267788942,-0.14592319849375443,0.0,3.0,-0.14592319849375443,10.313963101477956,9.347019430447048,0.0008347053927898173,294.0,267.0,5.64625850340136,0.14232209737827714,0.3037542662116041,3754.0,9216.0,31.0,22.0,20.0,39.0,0.0,2.0,,34.0,0.002387152777777778,0.002170138888888889,0.0,0.9090909090909091,1.7727272727272727,0.0,1.0,1.95,34.0,20.0,20.0
152,3321.0,9216.0,5.5501355013550135,0.0016717275606491005,0.002138563898941997,1.0313142267788942,-0.14592319849375443,0.0,3.0,-0.14592319849375443,10.313963101477956,9.347019430447048,0.0008347053927898173,294.0,267.0,5.64625850340136,0.14232209737827714,0.3037542662116041,3754.0,9216.0,31.0,22.0,20.0,39.0,0.0,2.0,,34.0,0.002387152777777778,0.002170138888888889,0.0,0.9090909090909091,1.7727272727272727,0.0,1.0,1.95,34.0,20.0,20.0
153,3321.0,9216.0,5.5501355013550135,0.0016717275606491005,0.002138563898941997,1.0313142267788942,-0.14592319849375443,0.0,3.0,-0.14592319849375443,10.313963101477956,9.347019430447048,0.0008347053927898173,294.0,267.0,5.64625850340136,0.14232209737827714,0.3037542662116041,3754.0,9216.0,31.0,22.0,20.0,39.0,0.0,2.0,,34.0,0.002387152777777778,0.002170138888888889,0.0,0.9090909090909091,1.7727272727272727,0.0,1.0,1.95,34.0,20.0,20.0
154,3321.0,9216.0,5.5501355013550135,0.0016717275606491005,0.002138563898941997,1.0313142267788942,-0.14592319849375443,0.0,3.0,-0.14592319849375443,10.313963101477956,9.347019430447048,0.0008347053927898173,294.0,267.0,5.64625850340136,0.14232209737827714,0.3037542662116041,3754.0,9216.0,31.0,22.0,20.0,39.0,0.0,2.0,,34.0,0.002387152777777778,0.002170138888888889,0.0,0.9090909090909091,1.7727272727272727,0.0,1.0,1.95,34.0,20.0,20.0
155,3321.0,9216.0,5.5501355013550135,0.0016717275606491005,0.002138563898941997,1.0313142267788942,-0.14592319849375443,0.0,3.0,-0.14592319849375443,10.313963101477956,9.347019430447048,0.0008347053927898173,294.0,267.0,5.64625850340136,0.14232209737827714,0.3037542662116041,3754.0,9216.0,31.0,22.0,20.0,39.0,0.0,2.0,,34.0,0.002387152777777778,0.002170138888888889,0.0,0.9090909090909091,1.7727272727272727,0.0,1.0,1.95,34.0,20.0,20.0
156,3321.0,9216.0,5.5501355013550135,0.0016717275606491005,0.002138563898941997,1.0313142267788942,-0.14592319849375443,0.0,3.0,-0.14592319849375443,10.313963101477956,9.347019430447048,0.0008347053927898173,294.0,267.0,5.64625850340136,0.14232209737827714,0.3037542662116041,3754.0,9216.0,31.0,22.0,20.0,39.0,0.0,2.0,,34.0,0.002387152777777778,0.002170138888888889,0.0,0.9090909090909091,1.7727272727272727,0.0,1.0,1.95,34.0,20.0,20.0
157,3328.0,9242.0,5.554086538461538,0.0016693978173915056,0.0021525534413378918,1.0357525723194887,-0.14573671558297988,0.0,3.0,-0.14573671558297988,10.317279995132692,9.357555115412495,0.0008335452107988165,294.0,267.0,5.666666666666667,0.14232209737827714,0.3037542662116041,3775.0,9242.0,31.0,22.0,20.0,40.0,0.0,2.0,0.0,35.0,0.0023804371348193033,0.002164033758926639,0.0,0.9090909090909091,1.8181818181818181,0.0,1.0,2.0,35.0,20.0,20.0
158,3328.0,9242.0,5.554086538461538,0.0016693978173915056,0.0021525534413378918,1.0357525723194887,-0.14573671558297988,0.0,3.0,-0.14573671558297988,10.317279995132692,9.357555115412495,0.0008335452107988165,294.0,267.0,5.666666666666667,0.14232209737827714,0.3037542662116041,3775.0,9242.0,31.0,22.0,20.0,40.0,0.0,2.0,,35.0,0.0023804371348193033,0.002164033758926639,0.0,0.9090909090909091,1.8181818181818181,0.0,1.0,2.0,35.0,20.0,20.0
159,3335.0,9268.0,5.5580209895052475,0.0016670728822751192,0.002166705572870034,1.0402518821109692,-0.14566603154575847,0.0,3.0,-0.14566603154575847,10.320274845472133,9.367990809871868,0.0008323874044986503,294.0,267.0,5.687074829931973,0.14232209737827714,0.3037542662116041,3796.0,9268.0,31.0,22.0,20.0,41.0,0.0,2.0,0.0,36.0,0.002373759171342253,0.0021579628830384117,0.0,0.9090909090909091,1.8636363636363635,0.0,1.0,2.05,36.0,20.0,20.0
160,3335.0,9268.0,5.5580209895052475,0.0016670728822751192,0.002166705572870034,1.0402518821109692,-0.14566603154575847,0.0,3.0,-0.14566603154575847,10.320274845472133,9.367990809871868,0.0008323874044986503,294.0,267.0,5.687074829931973,0.14232209737827714,0.3037542662116041,3796.0,9268.0,31.0,22.0,20.0,41.0,0.0,2.0,,36.0,0.002373759171342253,0.0021579628830384117,0.0,0.9090909090909091,1.8636363636363635,0.0,1.0,2.05,36.0,20.0,20.0
161,3342.0,9294.0,5.561938958707361,0.001664752756272781,0.002181033714520671,1.044785702938008,-0.14548163185915672,0.0,3.0,-0.14548163185915672,10.323503775374924,9.378334981550463,0.0008312319746039113,294.0,267.0,5.707482993197279,0.14232209737827714,0.3037542662116041,3817.0,9294.0,31.0,22.0,20.0,42.0,0.0,2.0,0.0,37.0,0.0023671185711211535,0.002151925973746503,0.0,0.9090909090909091,1.9090909090909092,0.0,1.0,2.1,37.0,20.0,20.0
162,3342.0,9294.0,5.561938958707361,0.001664752756272781,0.002181033714520671,1.044785702938008,-0.14548163185915672,0.0,3.0,-0.14548163185915672,10.323503775374924,9.378334981550463,0.0008312319746039113,294.0,267.0,5.707482993197279,0.14232209737827714,0.3037542662116041,3817.0,9294.0,31.0,22.0,20.0,42.0,0.0,2.0,,37.0,0.0023671185711211535,0.002151925973746503,0.0,0.9090909090909091,1.9090909090909092,0.0,1.0,2.1,37.0,20.0,20.0
163,3351.0,9334.0,5.570874365860937,0.0016629475718987871,0.0022079219650213686,1.053150889187057,-0.14522373132665845,0.0,3.0,-0.14522373132665845,10.327618093832598,9.393968610439602,0.0008303351235764681,294.0,267.0,5.73469387755102,0.14232209737827714,0.3037542662116041,3851.0,9334.0,31.0,22.0,20.0,44.0,0.0,2.0,0.0,38.0,0.0023569745018212985,0.002142704092564817,0.0,0.9090909090909091,2.0,0.0,1.0,2.2,38.0,20.0,20.0
164,3351.0,9334.0,5.570874365860937,0.0016629475718987871,0.0022079219650213686,1.053150889187057,-0.14522373132665845,0.0,3.0,-0.14522373132665845,10.327618093832598,9.393968610439602,0.0008303351235764681,294.0,267.0,5.73469387755102,0.14232209737827714,0.3037542662116041,3851.0,9334.0,31.0,22.0,20.0,44.0,0.0,2.0,,38.0,0.0023569745018212985,0.002142704092564817,0.0,0.9090909090909091,2.0,0.0,1.0,2.2,38.0,20.0,20.0
165,3358.0,9360.0,5.574746873138773,0.0016606335636397895,0.0022226984436332707,1.057803724867003,-0.14509503950910557,0.0,3.0,-0.14509503950910557,10.330548137330696,9.404058607938115,0.0008291826901417893,294.0,267.0,5.755102040816326,0.14232209737827714,0.3037542662116041,3872.0,9360.0,31.0,22.0,20.0,45.0,0.0,2.0,0.0,39.0,0.0023504273504273503,0.002136752136752137,0.0,0.9090909090909091,2.0454545454545454,0.0,1.0,2.25,39.0,20.0,20.0
166,3358.0,9360.0,5.574746873138773,0.0016606335636397895,0.0022226984436332707,1.057803724867003,-0.14509503950910557,0.0,3.0,-0.14509503950910557,10.330548137330696,9.404058607938115,0.0008291826901417893,294.0,267.0,5.755102040816326,0.14232209737827714,0.3037542662116041,3872.0,9360.0,31.0,22.0,20.0,45.0,0.0,2.0,,39.0,0.0023504273504273503,0.002136752136752137,0.0,0.9090909090909091,2.0454545454545454,0.0,1.0,2.25,39.0,20.0,20.0
167,3358.0,9360.0,5.574746873138773,0.0016606335636397895,0.0022226984436332707,1.057803724867003,-0.14509503950910557,0.0,3.0,-0.14509503950910557,10.330548137330696,9.404058607938115,0.0008291826901417893,294.0,267.0,5.755102040816326,0.14232209737827714,0.3037542662116041,3872.0,9360.0,31.0,22.0,20.0,45.0,0.0,2.0,,39.0,0.0023504273504273503,0.002136752136752137,0.0,0.9090909090909091,2.0454545454545454,0.0,1.0,2.25,39.0,20.0,20.0
168,3358.0,9360.0,5.574746873138773,0.0016606335636397895,0.0022226984436332707,1.057803724867003,-0.14509503950910557,0.0,3.0,-0.14509503950910557,10.330548137330696,9.404058607938115,0.0008291826901417893,294.0,267.0,5.755102040816326,0.14232209737827714,0.3037542662116041,3872.0,9360.0,31.0,22.0,20.0,45.0,0.0,2.0,,39.0,0.0023504273504273503,0.002136752136752137,0.0,0.9090909090909091,2.0454545454545454,0.0,1.0,2.25,39.0,20.0,20.0
169,3358.0,9360.0,5.574746873138773,0.0016606335636397895,0.0022226984436332707,1.057803724867003,-0.14509503950910557,0.0,3.0,-0.14509503950910557,10.330548137330696,9.404058607938115,0.0008291826901417893,294.0,267.0,5.755102040816326,0.14232209737827714,0.3037542662116041,3872.0,9360.0,31.0,22.0,20.0,45.0,0.0,2.0,,39.0,0.0023504273504273503,0.002136752136752137,0.0,0.9090909090909091,2.0454545454545454,0.0,1.0,2.25,39.0,20.0,20.0
170,3358.0,9360.0,5.574746873138773,0.0016606335636397895,0.0022226984436332707,1.057803724867003,-0.14509503950910557,0.0,3.0,-0.14509503950910557,10.330548137330696,9.404058607938115,0.0008291826901417893,294.0,267.0,5.755102040816326,0.14232209737827714,0.3037542662116041,3872.0,9360.0,31.0,22.0,20.0,45.0,0.0,2.0,,39.0,0.0023504273504273503,0.002136752136752137,0.0,0.9090909090909091,2.0454545454545454,0.0,1.0,2.25,39.0,20.0,20.0
171,3372.0,9400.0,5.575326215895611,0.0016539086964982531,0.002220744118457763,1.061165207309825,-0.14504487561646873,0.0,3.0,-0.14504487561646873,10.336984374820105,9.40954451781278,0.0008258296289729529,294.0,267.0,5.795918367346939,0.14232209737827714,0.3037542662116041,3902.0,9400.0,32.0,23.0,21.0,46.0,0.0,2.0,0.0,40.0,0.0024468085106382977,0.0022340425531914895,0.0,0.9130434782608695,2.0,0.0,1.0,2.1904761904761907,40.0,21.0,21.0
172,3372.0,9400.0,5.575326215895611,0.0016539086964982531,0.002220744118457763,1.061165207309825,-0.14504487561646873,0.0,3.0,-0.14504487561646873,10.336984374820105,9.40954451781278,0.0008258296289729529,294.0,267.0,5.795918367346939,0.14232209737827714,0.3037542662116041,3902.0,9400.0,32.0,23.0,21.0,46.0,0.0,2.0,,40.0,0.0024468085106382977,0.0022340425531914895,0.0,0.9130434782608695,2.0,0.0,1.0,2.1904761904761907,40.0,21.0,21.0
173,3372.0,9400.0,5.575326215895611,0.0016539086964982531,0.002220744118457763,1.061165207309825,-0.14504487561646873,0.0,3.0,-0.14504487561646873,10.336984374820105,9.40954451781278,0.0008258296289729529,294.0,267.0,5.795918367346939,0.14232209737827714,0.3037542662116041,3902.0,9400.0,32.0,23.0,21.0,46.0,0.0,2.0,,40.0,0.0024468085106382977,0.0022340425531914895,0.0,0.9130434782608695,2.0,0.0,1.0,2.1904761904761907,40.0,21.0,21.0
174,3372.0,9400.0,5.575326215895611,0.0016539086964982531,0.002220744118457763,1.061165207309825,-0.14504487561646873,0.0,3.0,-0.14504487561646873,10.336984374820105,9.40954451781278,0.0008258296289729529,294.0,267.0,5.795918367346939,0.14232209737827714,0.3037542662116041,3902.0,9400.0,32.0,23.0,21.0,46.0,0.0,2.0,,40.0,0.0024468085106382977,0.0022340425531914895,0.0,0.9130434782608695,2.0,0.0,1.0,2.1904761904761907,40.0,21.0,21.0
175,3372.0,9400.0,5.575326215895611,0.0016539086964982531,0.002220744118457763,1.061165207309825,-0.14504487561646873,0.0,3.0,-0.14504487561646873,10.336984374820105,9.40954451781278,0.0008258296289729529,294.0,267.0,5.795918367346939,0.14232209737827714,0.3037542662116041,3902.0,9400.0,32.0,23.0,21.0,46.0,0.0,2.0,,40.0,0.0024468085106382977,0.0022340425531914895,0.0,0.9130434782608695,2.0,0.0,1.0,2.1904761904761907,40.0,21.0,21.0
176,3372.0,9400.0,5.575326215895611,0.0016539086964982531,0.002220744118457763,1.061165207309825,-0.14504487561646873,0.0,3.0,-0.14504487561646873,10.336984374820105,9.40954451781278,0.0008258296289729529,294.0,267.0,5.795918367346939,0.14232209737827714,0.3037542662116041,3902.0,9400.0,32.0,23.0,21.0,46.0,0.0,2.0,,40.0,0.0024468085106382977,0.0022340425531914895,0.0,0.9130434782608695,2.0,0.0,1.0,2.1904761904761907,40.0,21.0,21.0
177,3372.0,9400.0,5.575326215895611,0.0016539086964982531,0.002220744118457763,1.061165207309825,-0.14504487561646873,0.0,3.0,-0.14504487561646873,10.336984374820105,9.40954451781278,0.0008258296289729529,294.0,267.0,5.795918367346939,0.14232209737827714,0.3037542662116041,3902.0,9400.0,32.0,23.0,21.0,46.0,0.0,2.0,,40.0,0.0024468085106382977,0.0022340425531914895,0.0,0.9130434782608695,2.0,0.0,1.0,2.1904761904761907,40.0,21.0,21.0
178,3372.0,9400.0,5.575326215895611,0.0016539086964982531,0.002220744118457763,1.061165207309825,-0.14504487561646873,0.0,3.0,-0.14504487561646873,10.336984374820105,9.40954451781278,0.0008258296289729529,294.0,267.0,5.795918367346939,0.14232209737827714,0.3037542662116041,3902.0,9400.0,32.0,23.0,21.0,46.0,0.0,2.0,,40.0,0.0024468085106382977,0.0022340425531914895,0.0,0.9130434782608695,2.0,0.0,1.0,2.1904761904761907,40.0,21.0,21.0
179,3379.0,9426.0,5.579165433560225,0.001651617949544175,0.0022200651461863016,1.0635446810645541,-0.14531685099713904,0.0,3.0,-0.14531685099713904,10.340228873647357,9.412842795976614,0.000824688742622053,294.0,267.0,5.816326530612245,0.14232209737827714,0.3037542662116041,3923.0,9426.0,32.0,23.0,21.0,47.0,0.0,2.0,0.0,41.0,0.00244005941014216,0.0022278803309993636,0.0,0.9130434782608695,2.0434782608695654,0.0,1.0,2.238095238095238,41.0,21.0,21.0
180,3379.0,9426.0,5.579165433560225,0.001651617949544175,0.0022200651461863016,1.0635446810645541,-0.14531685099713904,0.0,3.0,-0.14531685099713904,10.340228873647357,9.412842795976614,0.000824688742622053,294.0,267.0,5.816326530612245,0.14232209737827714,0.3037542662116041,3923.0,9426.0,32.0,23.0,21.0,47.0,0.0,2.0,,41.0,0.00244005941014216,0.0022278803309993636,0.0,0.9130434782608695,2.0434782608695654,0.0,1.0,2.238095238095238,41.0,21.0,21.0
181,3379.0,9426.0,5.579165433560225,0.001651617949544175,0.0022200651461863016,1.0635446810645541,-0.14531685099713904,0.0,3.0,-0.14531685099713904,10.340228873647357,9.412842795976614,0.000824688742622053,294.0,267.0,5.816326530612245,0.14232209737827714,0.3037542662116041,3923.0,9426.0,32.0,23.0,21.0,47.0,0.0,2.0,,41.0,0.00244005941014216,0.0022278803309993636,0.0,0.9130434782608695,2.0434782608695654,0.0,1.0,2.238095238095238,41.0,21.0,21.0
182,3379.0,9426.0,5.579165433560225,0.001651617949544175,0.0022200651461863016,1.0635446810645541,-0.14531685099713904,0.0,3.0,-0.14531685099713904,10.340228873647357,9.412842795976614,0.000824688742622053,294.0,267.0,5.816326530612245,0.14232209737827714,0.3037542662116041,3923.0,9426.0,32.0,23.0,21.0,47.0,0.0,2.0,,41.0,0.00244005941014216,0.0022278803309993636,0.0,0.9130434782608695,2.0434782608695654,0.0,1.0,2.238095238095238,41.0,21.0,21.0
183,3395.0,9470.0,5.578792341678939,0.0016437219627810666,0.0022161771973414025,1.067244257556635,-0.14504782584204107,0.0,3.0,-0.14504782584204107,10.347822146556224,9.415704744028742,0.0008207512997759418,294.0,267.0,5.857142857142857,0.14232209737827714,0.3037542662116041,3953.0,9470.0,34.0,24.0,22.0,48.0,0.0,2.0,0.0,42.0,0.0025343189017951427,0.0023231256599788807,0.0,0.9166666666666666,2.0,0.0,1.0,2.1818181818181817,42.0,22.0,22.0
184,3395.0,9470.0,5.578792341678939,0.0016437219627810666,0.0022161771973414025,1.067244257556635,-0.14504782584204107,0.0,3.0,-0.14504782584204107,10.347822146556224,9.415704744028742,0.0008207512997759418,294.0,267.0,5.857142857142857,0.14232209737827714,0.3037542662116041,3953.0,9470.0,34.0,24.0,22.0,48.0,0.0,2.0,,42.0,0.0025343189017951427,0.0023231256599788807,0.0,0.9166666666666666,2.0,0.0,1.0,2.1818181818181817,42.0,22.0,22.0
185,3395.0,9470.0,5.578792341678939,0.0016437219627810666,0.0022161771973414025,1.067244257556635,-0.14504782584204107,0.0,3.0,-0.14504782584204107,10.347822146556224,9.415704744028742,0.0008207512997759418,294.0,267.0,5.857142857142857,0.14232209737827714,0.3037542662116041,3953.0,9470.0,34.0,24.0,22.0,48.0,0.0,2.0,,42.0,0.0025343189017951427,0.0023231256599788807,0.0,0.9166666666666666,2.0,0.0,1.0,2.1818181818181817,42.0,22.0,22.0
186,3395.0,9470.0,5.578792341678939,0.0016437219627810666,0.0022161771973414025,1.067244257556635,-0.14504782584204107,0.0,3.0,-0.14504782584204107,10.347822146556224,9.415704744028742,0.0008207512997759418,294.0,267.0,5.857142857142857,0.14232209737827714,0.3037542662116041,3953.0,9470.0,34.0,24.0,22.0,48.0,0.0,2.0,,42.0,0.0025343189017951427,0.0023231256599788807,0.0,0.9166666666666666,2.0,0.0,1.0,2.1818181818181817,42.0,22.0,22.0
187,3395.0,9470.0,5.578792341678939,0.0016437219627810666,0.0022161771973414025,1.067244257556635,-0.14504782584204107,0.0,3.0,-0.14504782584204107,10.347822146556224,9.415704744028742,0.0008207512997759418,294.0,267.0,5.857142857142857,0.14232209737827714,0.3037542662116041,3953.0,9470.0,34.0,24.0,22.0,48.0,0.0,2.0,,42.0,0.0025343189017951427,0.0023231256599788807,0.0,0.9166666666666666,2.0,0.0,1.0,2.1818181818181817,42.0,22.0,22.0
188,3395.0,9470.0,5.578792341678939,0.0016437219627810666,0.0022161771973414025,1.067244257556635,-0.14504782584204107,0.0,3.0,-0.14504782584204107,10.347822146556224,9.415704744028742,0.0008207512997759418,294.0,267.0,5.857142857142857,0.14232209737827714,0.3037542662116041,3953.0,9470.0,34.0,24.0,22.0,48.0,0.0,2.0,,42.0,0.0025343189017951427,0.0023231256599788807,0.0,0.9166666666666666,2.0,0.0,1.0,2.1818181818181817,42.0,22.0,22.0
189,3395.0,9470.0,5.578792341678939,0.0016437219627810666,0.0022161771973414025,1.067244257556635,-0.14504782584204107,0.0,3.0,-0.14504782584204107,10.347822146556224,9.415704744028742,0.0008207512997759418,294.0,267.0,5.857142857142857,0.14232209737827714,0.3037542662116041,3953.0,9470.0,34.0,24.0,22.0,48.0,0.0,2.0,,42.0,0.0025343189017951427,0.0023231256599788807,0.0,0.9166666666666666,2.0,0.0,1.0,2.1818181818181817,42.0,22.0,22.0
190,3395.0,9470.0,5.578792341678939,0.0016437219627810666,0.0022161771973414025,1.067244257556635,-0.14504782584204107,0.0,3.0,-0.14504782584204107,10.347822146556224,9.415704744028742,0.0008207512997759418,294.0,267.0,5.857142857142857,0.14232209737827714,0.3037542662116041,3953.0,9470.0,34.0,24.0,22.0,48.0,0.0,2.0,,42.0,0.0025343189017951427,0.0023231256599788807,0.0,0.9166666666666666,2.0,0.0,1.0,2.1818181818181817,42.0,22.0,22.0
191,3402.0,9496.0,5.58259847148736,0.0016414579451594705,0.0022157426286635125,1.069691984465107,-0.1453153639785556,0.0,3.0,-0.1453153639785556,10.350884823651056,9.419162281094355,0.0008196236885243352,294.0,267.0,5.877551020408164,0.14232209737827714,0.3037542662116041,3974.0,9496.0,34.0,24.0,22.0,49.0,0.0,2.0,0.0,43.0,0.002527379949452401,0.002316764953664701,0.0,0.9166666666666666,2.0416666666666665,0.0,1.0,2.227272727272727,43.0,22.0,22.0
192,3402.0,9496.0,5.58259847148736,0.0016414579451594705,0.0022157426286635125,1.069691984465107,-0.1453153639785556,0.0,3.0,-0.1453153639785556,10.350884823651056,9.419162281094355,0.0008196236885243352,294.0,267.0,5.877551020408164,0.14232209737827714,0.3037542662116041,3974.0,9496.0,34.0,24.0,22.0,49.0,0.0,2.0,,43.0,0.002527379949452401,0.002316764953664701,0.0,0.9166666666666666,2.0416666666666665,0.0,1.0,2.227272727272727,43.0,22.0,22.0
193,3402.0,9496.0,5.58259847148736,0.0016414579451594705,0.0022157426286635125,1.069691984465107,-0.1453153639785556,0.0,3.0,-0.1453153639785556,10.350884823651056,9.419162281094355,0.0008196236885243352,294.0,267.0,5.877551020408164,0.14232209737827714,0.3037542662116041,3974.0,9496.0,34.0,24.0,22.0,49.0,0.0,2.0,,43.0,0.002527379949452401,0.002316764953664701,0.0,0.9166666666666666,2.0416666666666665,0.0,1.0,2.227272727272727,43.0,22.0,22.0
194,3402.0,9496.0,5.58259847148736,0.0016414579451594705,0.0022157426286635125,1.069691984465107,-0.1453153639785556,0.0,3.0,-0.1453153639785556,10.350884823651056,9.419162281094355,0.0008196236885243352,294.0,267.0,5.877551020408164,0.14232209737827714,0.3037542662116041,3974.0,9496.0,34.0,24.0,22.0,49.0,0.0,2.0,,43.0,0.002527379949452401,0.002316764953664701,0.0,0.9166666666666666,2.0416666666666665,0.0,1.0,2.227272727272727,43.0,22.0,22.0
195,3409.0,9522.0,5.586388970372544,0.0016391986415412393,0.002214665009208914,1.0721488919199833,-0.14538798511968318,0.0,3.0,-0.14538798511968318,10.354331808464538,9.421709622624421,0.0008184984082219508,294.0,267.0,5.8979591836734695,0.14232209737827714,0.3037542662116041,3995.0,9522.0,34.0,24.0,22.0,50.0,0.0,2.0,0.0,44.0,0.002520478890989288,0.0023104389834068474,0.0,0.9166666666666666,2.0833333333333335,0.0,1.0,2.272727272727273,44.0,22.0,22.0
196,3409.0,9522.0,5.586388970372544,0.0016391986415412393,0.002214665009208914,1.0721488919199833,-0.14538798511968318,0.0,3.0,-0.14538798511968318,10.354331808464538,9.421709622624421,0.0008184984082219508,294.0,267.0,5.8979591836734695,0.14232209737827714,0.3037542662116041,3995.0,9522.0,34.0,24.0,22.0,50.0,0.0,2.0,,44.0,0.002520478890989288,0.0023104389834068474,0.0,0.9166666666666666,2.0833333333333335,0.0,1.0,2.272727272727273,44.0,22.0,22.0
197,3409.0,9522.0,5.586388970372544,0.0016391986415412393,0.002214665009208914,1.0721488919199833,-0.14538798511968318,0.0,3.0,-0.14538798511968318,10.354331808464538,9.421709622624421,0.0008184984082219508,294.0,267.0,5.8979591836734695,0.14232209737827714,0.3037542662116041,3995.0,9522.0,34.0,24.0,22.0,50.0,0.0,2.0,,44.0,0.002520478890989288,0.0023104389834068474,0.0,0.9166666666666666,2.0833333333333335,0.0,1.0,2.272727272727273,44.0,22.0,22.0
198,3409.0,9522.0,5.586388970372544,0.0016391986415412393,0.002214665009208914,1.0721488919199833,-0.14538798511968318,0.0,3.0,-0.14538798511968318,10.354331808464538,9.421709622624421,0.0008184984082219508,294.0,267.0,5.8979591836734695,0.14232209737827714,0.3037542662116041,3995.0,9522.0,34.0,24.0,22.0,50.0,0.0,2.0,,44.0,0.002520478890989288,0.0023104389834068474,0.0,0.9166666666666666,2.0833333333333335,0.0,1.0,2.272727272727273,44.0,22.0,22.0
199,3409.0,9522.0,5.586388970372544,0.0016391986415412393,0.002214665009208914,1.0721488919199833,-0.14538798511968318,0.0,3.0,-0.14538798511968318,10.354331808464538,9.421709622624421,0.0008184984082219508,294.0,267.0,5.8979591836734695,0.14232209737827714,0.3037542662116041,3995.0,9522.0,34.0,24.0,22.0,50.0,0.0,2.0,,44.0,0.002520478890989288,0.0023104389834068474,0.0,0.9166666666666666,2.0833333333333335,0.0,1.0,2.272727272727273,44.0,22.0,22.0
200,3409.0,9522.0,5.586388970372544,0.0016391986415412393,0.002214665009208914,1.0721488919199833,-0.14538798511968318,0.0,3.0,-0.14538798511968318,10.354331808464538,9.421709622624421,0.0008184984082219508,294.0,267.0,5.8979591836734695,0.14232209737827714,0.3037542662116041,3995.0,9522.0,34.0,24.0,22.0,50.0,0.0,2.0,,44.0,0.002520478890989288,0.0023104389834068474,0.0,0.9166666666666666,2.0833333333333335,0.0,1.0,2.272727272727273,44.0,22.0,22.0
201,3409.0,9522.0,5.586388970372544,0.0016391986415412393,0.002214665009208914,1.0721488919199833,-0.14538798511968318,0.0,3.0,-0.14538798511968318,10.354331808464538,9.421709622624421,0.0008184984082219508,294.0,267.0,5.8979591836734695,0.14232209737827714,0.3037542662116041,3995.0,9522.0,34.0,24.0,22.0,50.0,0.0,2.0,,44.0,0.002520478890989288,0.0023104389834068474,0.0,0.9166666666666666,2.0833333333333335,0.0,1.0,2.272727272727273,44.0,22.0,22.0
202,3409.0,9522.0,5.586388970372544,0.0016391986415412393,0.002214665009208914,1.0721488919199833,-0.14538798511968318,0.0,3.0,-0.14538798511968318,10.354331808464538,9.421709622624421,0.0008184984082219508,294.0,267.0,5.8979591836734695,0.14232209737827714,0.3037542662116041,3995.0,9522.0,34.0,24.0,22.0,50.0,0.0,2.0,,44.0,0.002520478890989288,0.0023104389834068474,0.0,0.9166666666666666,2.0833333333333335,0.0,1.0,2.272727272727273,44.0,22.0,22.0
203,3416.0,9548.0,5.590163934426229,0.0016369440510764948,0.0022144873438309405,1.0747174936325805,-0.14564724457421607,0.0,3.0,-0.14564724457421607,10.357246583059727,9.425365634420533,0.0008173754586489259,294.0,267.0,5.918367346938775,0.14232209737827714,0.3037542662116041,4016.0,9548.0,34.0,24.0,22.0,51.0,0.0,2.0,0.0,45.0,0.0025136154168412233,0.002304147465437788,0.0,0.9166666666666666,2.125,0.0,1.0,2.3181818181818183,45.0,22.0,22.0
204,3416.0,9548.0,5.590163934426229,0.0016369440510764948,0.0022144873438309405,1.0747174936325805,-0.14564724457421607,0.0,3.0,-0.14564724457421607,10.357246583059727,9.425365634420533,0.0008173754586489259,294.0,267.0,5.918367346938775,0.14232209737827714,0.3037542662116041,4016.0,9548.0,34.0,24.0,22.0,51.0,0.0,2.0,,45.0,0.0025136154168412233,0.002304147465437788,0.0,0.9166666666666666,2.125,0.0,1.0,2.3181818181818183,45.0,22.0,22.0
205,3416.0,9548.0,5.590163934426229,0.0016369440510764948,0.0022144873438309405,1.0747174936325805,-0.14564724457421607,0.0,3.0,-0.14564724457421607,10.357246583059727,9.425365634420533,0.0008173754586489259,294.0,267.0,5.918367346938775,0.14232209737827714,0.3037542662116041,4016.0,9548.0,34.0,24.0,22.0,51.0,0.0,2.0,,45.0,0.0025136154168412233,0.002304147465437788,0.0,0.9166666666666666,2.125,0.0,1.0,2.3181818181818183,45.0,22.0,22.0
206,3416.0,9548.0,5.590163934426229,0.0016369440510764948,0.0022144873438309405,1.0747174936325805,-0.14564724457421607,0.0,3.0,-0.14564724457421607,10.357246583059727,9.425365634420533,0.0008173754586489259,294.0,267.0,5.918367346938775,0.14232209737827714,0.3037542662116041,4016.0,9548.0,34.0,24.0,22.0,51.0,0.0,2.0,,45.0,0.0025136154168412233,0.002304147465437788,0.0,0.9166666666666666,2.125,0.0,1.0,2.3181818181818183,45.0,22.0,22.0
