,g1s1,g1s2,g2s1,g2s2,g4s1,g4s2
HUMAN - Overall Human Rating,3.1004016064257027,3.412121212121212,1.1428571428571428,1.0865384615384615,2.7466216216216215,2.2903225806451615
HUMAN - Interesting,2.626506024096386,2.939393939393939,1.380952380952381,1.5961538461538463,3.041666666666667,2.196236559139785
HUMAN - Engaging,2.783132530120482,2.9454545454545453,3.0952380952380953,2.0096153846153846,2.8716216216216215,2.3870967741935485
HUMAN - Specific,2.8634538152610443,2.5636363636363635,2.1904761904761907,2.0865384615384617,2.7128378378378377,2.1559139784946235
HUMAN - Relevant,3.184738955823293,3.8727272727272726,2.6904761904761907,2.8365384615384617,2.904279279279279,2.2688172043010755
HUMAN - Correct,3.080321285140562,3.9090909090909096,2.642857142857143,2.644230769230769,2.956081081081081,2.446236559139785
HUMAN - Semantically Appropriate,2.991967871485944,3.957575757575758,2.6666666666666665,2.4423076923076925,2.9594594594594597,2.5161290322580645
HUMAN - Understandable,3.7068273092369473,4.121212121212122,3.380952380952381,3.298076923076923,3.4605855855855863,3.2311827956989245
HUMAN - Fluent,3.5863453815261046,4.151515151515151,3.0,2.6153846153846154,3.3682432432432434,3.263440860215054
